scene_id,source_dataset,split,sar_path,rgb_path,patch_x,patch_y,patch_size
1,sih1733,train,data/processed/patches/sar/1_r0000_c0000_orig.png,data/processed/patches/rgb/1_r0000_c0000_orig.png,0,0,256
1,sih1733,train,data/processed/patches/sar/1_r0000_c0000_fliph.png,data/processed/patches/rgb/1_r0000_c0000_fliph.png,0,0,256
1,sih1733,train,data/processed/patches/sar/1_r0000_c0000_flipv.png,data/processed/patches/rgb/1_r0000_c0000_flipv.png,0,0,256
1,sih1733,train,data/processed/patches/sar/1_r0000_c0000_rot90.png,data/processed/patches/rgb/1_r0000_c0000_rot90.png,0,0,256
1,sih1733,train,data/processed/patches/sar/1_r0000_c0000_rot180.png,data/processed/patches/rgb/1_r0000_c0000_rot180.png,0,0,256
1,sih1733,train,data/processed/patches/sar/1_r0000_c0000_rot270.png,data/processed/patches/rgb/1_r0000_c0000_rot270.png,0,0,256
1,sih1733,train,data/processed/patches/sar/1_r0000_c0128_orig.png,data/processed/patches/rgb/1_r0000_c0128_orig.png,128,0,256
1,sih1733,train,data/processed/patches/sar/1_r0000_c0128_fliph.png,data/processed/patches/rgb/1_r0000_c0128_fliph.png,128,0,256
1,sih1733,train,data/processed/patches/sar/1_r0000_c0128_flipv.png,data/processed/patches/rgb/1_r0000_c0128_flipv.png,128,0,256
1,sih1733,train,data/processed/patches/sar/1_r0000_c0128_rot90.png,data/processed/patches/rgb/1_r0000_c0128_rot90.png,128,0,256
1,sih1733,train,data/processed/patches/sar/1_r0000_c0128_rot180.png,data/processed/patches/rgb/1_r0000_c0128_rot180.png,128,0,256
1,sih1733,train,data/processed/patches/sar/1_r0000_c0128_rot270.png,data/processed/patches/rgb/1_r0000_c0128_rot270.png,128,0,256
1,sih1733,train,data/processed/patches/sar/1_r0000_c0256_orig.png,data/processed/patches/rgb/1_r0000_c0256_orig.png,256,0,256
1,sih1733,train,data/processed/patches/sar/1_r0000_c0256_fliph.png,data/processed/patches/rgb/1_r0000_c0256_fliph.png,256,0,256
1,sih1733,train,data/processed/patches/sar/1_r0000_c0256_flipv.png,data/processed/patches/rgb/1_r0000_c0256_flipv.png,256,0,256
1,sih1733,train,data/processed/patches/sar/1_r0000_c0256_rot90.png,data/processed/patches/rgb/1_r0000_c0256_rot90.png,256,0,256
1,sih1733,train,data/processed/patches/sar/1_r0000_c0256_rot180.png,data/processed/patches/rgb/1_r0000_c0256_rot180.png,256,0,256
1,sih1733,train,data/processed/patches/sar/1_r0000_c0256_rot270.png,data/processed/patches/rgb/1_r0000_c0256_rot270.png,256,0,256
1,sih1733,train,data/processed/patches/sar/1_r0000_c0384_orig.png,data/processed/patches/rgb/1_r0000_c0384_orig.png,384,0,256
1,sih1733,train,data/processed/patches/sar/1_r0000_c0384_fliph.png,data/processed/patches/rgb/1_r0000_c0384_fliph.png,384,0,256
1,sih1733,train,data/processed/patches/sar/1_r0000_c0384_flipv.png,data/processed/patches/rgb/1_r0000_c0384_flipv.png,384,0,256
1,sih1733,train,data/processed/patches/sar/1_r0000_c0384_rot90.png,data/processed/patches/rgb/1_r0000_c0384_rot90.png,384,0,256
1,sih1733,train,data/processed/patches/sar/1_r0000_c0384_rot180.png,data/processed/patches/rgb/1_r0000_c0384_rot180.png,384,0,256
1,sih1733,train,data/processed/patches/sar/1_r0000_c0384_rot270.png,data/processed/patches/rgb/1_r0000_c0384_rot270.png,384,0,256
1,sih1733,train,data/processed/patches/sar/1_r0000_c0512_orig.png,data/processed/patches/rgb/1_r0000_c0512_orig.png,512,0,256
1,sih1733,train,data/processed/patches/sar/1_r0000_c0512_fliph.png,data/processed/patches/rgb/1_r0000_c0512_fliph.png,512,0,256
1,sih1733,train,data/processed/patches/sar/1_r0000_c0512_flipv.png,data/processed/patches/rgb/1_r0000_c0512_flipv.png,512,0,256
1,sih1733,train,data/processed/patches/sar/1_r0000_c0512_rot90.png,data/processed/patches/rgb/1_r0000_c0512_rot90.png,512,0,256
1,sih1733,train,data/processed/patches/sar/1_r0000_c0512_rot180.png,data/processed/patches/rgb/1_r0000_c0512_rot180.png,512,0,256
1,sih1733,train,data/processed/patches/sar/1_r0000_c0512_rot270.png,data/processed/patches/rgb/1_r0000_c0512_rot270.png,512,0,256
1,sih1733,train,data/processed/patches/sar/1_r0000_c0640_orig.png,data/processed/patches/rgb/1_r0000_c0640_orig.png,640,0,256
1,sih1733,train,data/processed/patches/sar/1_r0000_c0640_fliph.png,data/processed/patches/rgb/1_r0000_c0640_fliph.png,640,0,256
1,sih1733,train,data/processed/patches/sar/1_r0000_c0640_flipv.png,data/processed/patches/rgb/1_r0000_c0640_flipv.png,640,0,256
1,sih1733,train,data/processed/patches/sar/1_r0000_c0640_rot90.png,data/processed/patches/rgb/1_r0000_c0640_rot90.png,640,0,256
1,sih1733,train,data/processed/patches/sar/1_r0000_c0640_rot180.png,data/processed/patches/rgb/1_r0000_c0640_rot180.png,640,0,256
1,sih1733,train,data/processed/patches/sar/1_r0000_c0640_rot270.png,data/processed/patches/rgb/1_r0000_c0640_rot270.png,640,0,256
1,sih1733,train,data/processed/patches/sar/1_r0000_c0768_orig.png,data/processed/patches/rgb/1_r0000_c0768_orig.png,768,0,256
1,sih1733,train,data/processed/patches/sar/1_r0000_c0768_fliph.png,data/processed/patches/rgb/1_r0000_c0768_fliph.png,768,0,256
1,sih1733,train,data/processed/patches/sar/1_r0000_c0768_flipv.png,data/processed/patches/rgb/1_r0000_c0768_flipv.png,768,0,256
1,sih1733,train,data/processed/patches/sar/1_r0000_c0768_rot90.png,data/processed/patches/rgb/1_r0000_c0768_rot90.png,768,0,256
1,sih1733,train,data/processed/patches/sar/1_r0000_c0768_rot180.png,data/processed/patches/rgb/1_r0000_c0768_rot180.png,768,0,256
1,sih1733,train,data/processed/patches/sar/1_r0000_c0768_rot270.png,data/processed/patches/rgb/1_r0000_c0768_rot270.png,768,0,256
1,sih1733,train,data/processed/patches/sar/1_r0000_c0896_orig.png,data/processed/patches/rgb/1_r0000_c0896_orig.png,896,0,256
1,sih1733,train,data/processed/patches/sar/1_r0000_c0896_fliph.png,data/processed/patches/rgb/1_r0000_c0896_fliph.png,896,0,256
1,sih1733,train,data/processed/patches/sar/1_r0000_c0896_flipv.png,data/processed/patches/rgb/1_r0000_c0896_flipv.png,896,0,256
1,sih1733,train,data/processed/patches/sar/1_r0000_c0896_rot90.png,data/processed/patches/rgb/1_r0000_c0896_rot90.png,896,0,256
1,sih1733,train,data/processed/patches/sar/1_r0000_c0896_rot180.png,data/processed/patches/rgb/1_r0000_c0896_rot180.png,896,0,256
1,sih1733,train,data/processed/patches/sar/1_r0000_c0896_rot270.png,data/processed/patches/rgb/1_r0000_c0896_rot270.png,896,0,256
1,sih1733,train,data/processed/patches/sar/1_r0000_c1024_orig.png,data/processed/patches/rgb/1_r0000_c1024_orig.png,1024,0,256
1,sih1733,train,data/processed/patches/sar/1_r0000_c1024_fliph.png,data/processed/patches/rgb/1_r0000_c1024_fliph.png,1024,0,256
1,sih1733,train,data/processed/patches/sar/1_r0000_c1024_flipv.png,data/processed/patches/rgb/1_r0000_c1024_flipv.png,1024,0,256
1,sih1733,train,data/processed/patches/sar/1_r0000_c1024_rot90.png,data/processed/patches/rgb/1_r0000_c1024_rot90.png,1024,0,256
1,sih1733,train,data/processed/patches/sar/1_r0000_c1024_rot180.png,data/processed/patches/rgb/1_r0000_c1024_rot180.png,1024,0,256
1,sih1733,train,data/processed/patches/sar/1_r0000_c1024_rot270.png,data/processed/patches/rgb/1_r0000_c1024_rot270.png,1024,0,256
1,sih1733,train,data/processed/patches/sar/1_r0000_c1152_orig.png,data/processed/patches/rgb/1_r0000_c1152_orig.png,1152,0,256
1,sih1733,train,data/processed/patches/sar/1_r0000_c1152_fliph.png,data/processed/patches/rgb/1_r0000_c1152_fliph.png,1152,0,256
1,sih1733,train,data/processed/patches/sar/1_r0000_c1152_flipv.png,data/processed/patches/rgb/1_r0000_c1152_flipv.png,1152,0,256
1,sih1733,train,data/processed/patches/sar/1_r0000_c1152_rot90.png,data/processed/patches/rgb/1_r0000_c1152_rot90.png,1152,0,256
1,sih1733,train,data/processed/patches/sar/1_r0000_c1152_rot180.png,data/processed/patches/rgb/1_r0000_c1152_rot180.png,1152,0,256
1,sih1733,train,data/processed/patches/sar/1_r0000_c1152_rot270.png,data/processed/patches/rgb/1_r0000_c1152_rot270.png,1152,0,256
1,sih1733,train,data/processed/patches/sar/1_r0000_c1280_orig.png,data/processed/patches/rgb/1_r0000_c1280_orig.png,1280,0,256
1,sih1733,train,data/processed/patches/sar/1_r0000_c1280_fliph.png,data/processed/patches/rgb/1_r0000_c1280_fliph.png,1280,0,256
1,sih1733,train,data/processed/patches/sar/1_r0000_c1280_flipv.png,data/processed/patches/rgb/1_r0000_c1280_flipv.png,1280,0,256
1,sih1733,train,data/processed/patches/sar/1_r0000_c1280_rot90.png,data/processed/patches/rgb/1_r0000_c1280_rot90.png,1280,0,256
1,sih1733,train,data/processed/patches/sar/1_r0000_c1280_rot180.png,data/processed/patches/rgb/1_r0000_c1280_rot180.png,1280,0,256
1,sih1733,train,data/processed/patches/sar/1_r0000_c1280_rot270.png,data/processed/patches/rgb/1_r0000_c1280_rot270.png,1280,0,256
1,sih1733,train,data/processed/patches/sar/1_r0000_c1408_orig.png,data/processed/patches/rgb/1_r0000_c1408_orig.png,1408,0,256
1,sih1733,train,data/processed/patches/sar/1_r0000_c1408_fliph.png,data/processed/patches/rgb/1_r0000_c1408_fliph.png,1408,0,256
1,sih1733,train,data/processed/patches/sar/1_r0000_c1408_flipv.png,data/processed/patches/rgb/1_r0000_c1408_flipv.png,1408,0,256
1,sih1733,train,data/processed/patches/sar/1_r0000_c1408_rot90.png,data/processed/patches/rgb/1_r0000_c1408_rot90.png,1408,0,256
1,sih1733,train,data/processed/patches/sar/1_r0000_c1408_rot180.png,data/processed/patches/rgb/1_r0000_c1408_rot180.png,1408,0,256
1,sih1733,train,data/processed/patches/sar/1_r0000_c1408_rot270.png,data/processed/patches/rgb/1_r0000_c1408_rot270.png,1408,0,256
1,sih1733,train,data/processed/patches/sar/1_r0000_c1536_orig.png,data/processed/patches/rgb/1_r0000_c1536_orig.png,1536,0,256
1,sih1733,train,data/processed/patches/sar/1_r0000_c1536_fliph.png,data/processed/patches/rgb/1_r0000_c1536_fliph.png,1536,0,256
1,sih1733,train,data/processed/patches/sar/1_r0000_c1536_flipv.png,data/processed/patches/rgb/1_r0000_c1536_flipv.png,1536,0,256
1,sih1733,train,data/processed/patches/sar/1_r0000_c1536_rot90.png,data/processed/patches/rgb/1_r0000_c1536_rot90.png,1536,0,256
1,sih1733,train,data/processed/patches/sar/1_r0000_c1536_rot180.png,data/processed/patches/rgb/1_r0000_c1536_rot180.png,1536,0,256
1,sih1733,train,data/processed/patches/sar/1_r0000_c1536_rot270.png,data/processed/patches/rgb/1_r0000_c1536_rot270.png,1536,0,256
1,sih1733,train,data/processed/patches/sar/1_r0000_c1664_orig.png,data/processed/patches/rgb/1_r0000_c1664_orig.png,1664,0,256
1,sih1733,train,data/processed/patches/sar/1_r0000_c1664_fliph.png,data/processed/patches/rgb/1_r0000_c1664_fliph.png,1664,0,256
1,sih1733,train,data/processed/patches/sar/1_r0000_c1664_flipv.png,data/processed/patches/rgb/1_r0000_c1664_flipv.png,1664,0,256
1,sih1733,train,data/processed/patches/sar/1_r0000_c1664_rot90.png,data/processed/patches/rgb/1_r0000_c1664_rot90.png,1664,0,256
1,sih1733,train,data/processed/patches/sar/1_r0000_c1664_rot180.png,data/processed/patches/rgb/1_r0000_c1664_rot180.png,1664,0,256
1,sih1733,train,data/processed/patches/sar/1_r0000_c1664_rot270.png,data/processed/patches/rgb/1_r0000_c1664_rot270.png,1664,0,256
1,sih1733,train,data/processed/patches/sar/1_r0000_c1792_orig.png,data/processed/patches/rgb/1_r0000_c1792_orig.png,1792,0,256
1,sih1733,train,data/processed/patches/sar/1_r0000_c1792_fliph.png,data/processed/patches/rgb/1_r0000_c1792_fliph.png,1792,0,256
1,sih1733,train,data/processed/patches/sar/1_r0000_c1792_flipv.png,data/processed/patches/rgb/1_r0000_c1792_flipv.png,1792,0,256
1,sih1733,train,data/processed/patches/sar/1_r0000_c1792_rot90.png,data/processed/patches/rgb/1_r0000_c1792_rot90.png,1792,0,256
1,sih1733,train,data/processed/patches/sar/1_r0000_c1792_rot180.png,data/processed/patches/rgb/1_r0000_c1792_rot180.png,1792,0,256
1,sih1733,train,data/processed/patches/sar/1_r0000_c1792_rot270.png,data/processed/patches/rgb/1_r0000_c1792_rot270.png,1792,0,256
1,sih1733,train,data/processed/patches/sar/1_r0000_c1920_orig.png,data/processed/patches/rgb/1_r0000_c1920_orig.png,1920,0,256
1,sih1733,train,data/processed/patches/sar/1_r0000_c1920_fliph.png,data/processed/patches/rgb/1_r0000_c1920_fliph.png,1920,0,256
1,sih1733,train,data/processed/patches/sar/1_r0000_c1920_flipv.png,data/processed/patches/rgb/1_r0000_c1920_flipv.png,1920,0,256
1,sih1733,train,data/processed/patches/sar/1_r0000_c1920_rot90.png,data/processed/patches/rgb/1_r0000_c1920_rot90.png,1920,0,256
1,sih1733,train,data/processed/patches/sar/1_r0000_c1920_rot180.png,data/processed/patches/rgb/1_r0000_c1920_rot180.png,1920,0,256
1,sih1733,train,data/processed/patches/sar/1_r0000_c1920_rot270.png,data/processed/patches/rgb/1_r0000_c1920_rot270.png,1920,0,256
1,sih1733,train,data/processed/patches/sar/1_r0000_c2048_orig.png,data/processed/patches/rgb/1_r0000_c2048_orig.png,2048,0,256
1,sih1733,train,data/processed/patches/sar/1_r0000_c2048_fliph.png,data/processed/patches/rgb/1_r0000_c2048_fliph.png,2048,0,256
1,sih1733,train,data/processed/patches/sar/1_r0000_c2048_flipv.png,data/processed/patches/rgb/1_r0000_c2048_flipv.png,2048,0,256
1,sih1733,train,data/processed/patches/sar/1_r0000_c2048_rot90.png,data/processed/patches/rgb/1_r0000_c2048_rot90.png,2048,0,256
1,sih1733,train,data/processed/patches/sar/1_r0000_c2048_rot180.png,data/processed/patches/rgb/1_r0000_c2048_rot180.png,2048,0,256
1,sih1733,train,data/processed/patches/sar/1_r0000_c2048_rot270.png,data/processed/patches/rgb/1_r0000_c2048_rot270.png,2048,0,256
1,sih1733,train,data/processed/patches/sar/1_r0000_c2176_orig.png,data/processed/patches/rgb/1_r0000_c2176_orig.png,2176,0,256
1,sih1733,train,data/processed/patches/sar/1_r0000_c2176_fliph.png,data/processed/patches/rgb/1_r0000_c2176_fliph.png,2176,0,256
1,sih1733,train,data/processed/patches/sar/1_r0000_c2176_flipv.png,data/processed/patches/rgb/1_r0000_c2176_flipv.png,2176,0,256
1,sih1733,train,data/processed/patches/sar/1_r0000_c2176_rot90.png,data/processed/patches/rgb/1_r0000_c2176_rot90.png,2176,0,256
1,sih1733,train,data/processed/patches/sar/1_r0000_c2176_rot180.png,data/processed/patches/rgb/1_r0000_c2176_rot180.png,2176,0,256
1,sih1733,train,data/processed/patches/sar/1_r0000_c2176_rot270.png,data/processed/patches/rgb/1_r0000_c2176_rot270.png,2176,0,256
1,sih1733,train,data/processed/patches/sar/1_r0128_c0000_orig.png,data/processed/patches/rgb/1_r0128_c0000_orig.png,0,128,256
1,sih1733,train,data/processed/patches/sar/1_r0128_c0000_fliph.png,data/processed/patches/rgb/1_r0128_c0000_fliph.png,0,128,256
1,sih1733,train,data/processed/patches/sar/1_r0128_c0000_flipv.png,data/processed/patches/rgb/1_r0128_c0000_flipv.png,0,128,256
1,sih1733,train,data/processed/patches/sar/1_r0128_c0000_rot90.png,data/processed/patches/rgb/1_r0128_c0000_rot90.png,0,128,256
1,sih1733,train,data/processed/patches/sar/1_r0128_c0000_rot180.png,data/processed/patches/rgb/1_r0128_c0000_rot180.png,0,128,256
1,sih1733,train,data/processed/patches/sar/1_r0128_c0000_rot270.png,data/processed/patches/rgb/1_r0128_c0000_rot270.png,0,128,256
1,sih1733,train,data/processed/patches/sar/1_r0128_c0128_orig.png,data/processed/patches/rgb/1_r0128_c0128_orig.png,128,128,256
1,sih1733,train,data/processed/patches/sar/1_r0128_c0128_fliph.png,data/processed/patches/rgb/1_r0128_c0128_fliph.png,128,128,256
1,sih1733,train,data/processed/patches/sar/1_r0128_c0128_flipv.png,data/processed/patches/rgb/1_r0128_c0128_flipv.png,128,128,256
1,sih1733,train,data/processed/patches/sar/1_r0128_c0128_rot90.png,data/processed/patches/rgb/1_r0128_c0128_rot90.png,128,128,256
1,sih1733,train,data/processed/patches/sar/1_r0128_c0128_rot180.png,data/processed/patches/rgb/1_r0128_c0128_rot180.png,128,128,256
1,sih1733,train,data/processed/patches/sar/1_r0128_c0128_rot270.png,data/processed/patches/rgb/1_r0128_c0128_rot270.png,128,128,256
1,sih1733,train,data/processed/patches/sar/1_r0128_c0256_orig.png,data/processed/patches/rgb/1_r0128_c0256_orig.png,256,128,256
1,sih1733,train,data/processed/patches/sar/1_r0128_c0256_fliph.png,data/processed/patches/rgb/1_r0128_c0256_fliph.png,256,128,256
1,sih1733,train,data/processed/patches/sar/1_r0128_c0256_flipv.png,data/processed/patches/rgb/1_r0128_c0256_flipv.png,256,128,256
1,sih1733,train,data/processed/patches/sar/1_r0128_c0256_rot90.png,data/processed/patches/rgb/1_r0128_c0256_rot90.png,256,128,256
1,sih1733,train,data/processed/patches/sar/1_r0128_c0256_rot180.png,data/processed/patches/rgb/1_r0128_c0256_rot180.png,256,128,256
1,sih1733,train,data/processed/patches/sar/1_r0128_c0256_rot270.png,data/processed/patches/rgb/1_r0128_c0256_rot270.png,256,128,256
1,sih1733,train,data/processed/patches/sar/1_r0128_c0384_orig.png,data/processed/patches/rgb/1_r0128_c0384_orig.png,384,128,256
1,sih1733,train,data/processed/patches/sar/1_r0128_c0384_fliph.png,data/processed/patches/rgb/1_r0128_c0384_fliph.png,384,128,256
1,sih1733,train,data/processed/patches/sar/1_r0128_c0384_flipv.png,data/processed/patches/rgb/1_r0128_c0384_flipv.png,384,128,256
1,sih1733,train,data/processed/patches/sar/1_r0128_c0384_rot90.png,data/processed/patches/rgb/1_r0128_c0384_rot90.png,384,128,256
1,sih1733,train,data/processed/patches/sar/1_r0128_c0384_rot180.png,data/processed/patches/rgb/1_r0128_c0384_rot180.png,384,128,256
1,sih1733,train,data/processed/patches/sar/1_r0128_c0384_rot270.png,data/processed/patches/rgb/1_r0128_c0384_rot270.png,384,128,256
1,sih1733,train,data/processed/patches/sar/1_r0128_c0512_orig.png,data/processed/patches/rgb/1_r0128_c0512_orig.png,512,128,256
1,sih1733,train,data/processed/patches/sar/1_r0128_c0512_fliph.png,data/processed/patches/rgb/1_r0128_c0512_fliph.png,512,128,256
1,sih1733,train,data/processed/patches/sar/1_r0128_c0512_flipv.png,data/processed/patches/rgb/1_r0128_c0512_flipv.png,512,128,256
1,sih1733,train,data/processed/patches/sar/1_r0128_c0512_rot90.png,data/processed/patches/rgb/1_r0128_c0512_rot90.png,512,128,256
1,sih1733,train,data/processed/patches/sar/1_r0128_c0512_rot180.png,data/processed/patches/rgb/1_r0128_c0512_rot180.png,512,128,256
1,sih1733,train,data/processed/patches/sar/1_r0128_c0512_rot270.png,data/processed/patches/rgb/1_r0128_c0512_rot270.png,512,128,256
1,sih1733,train,data/processed/patches/sar/1_r0128_c0640_orig.png,data/processed/patches/rgb/1_r0128_c0640_orig.png,640,128,256
1,sih1733,train,data/processed/patches/sar/1_r0128_c0640_fliph.png,data/processed/patches/rgb/1_r0128_c0640_fliph.png,640,128,256
1,sih1733,train,data/processed/patches/sar/1_r0128_c0640_flipv.png,data/processed/patches/rgb/1_r0128_c0640_flipv.png,640,128,256
1,sih1733,train,data/processed/patches/sar/1_r0128_c0640_rot90.png,data/processed/patches/rgb/1_r0128_c0640_rot90.png,640,128,256
1,sih1733,train,data/processed/patches/sar/1_r0128_c0640_rot180.png,data/processed/patches/rgb/1_r0128_c0640_rot180.png,640,128,256
1,sih1733,train,data/processed/patches/sar/1_r0128_c0640_rot270.png,data/processed/patches/rgb/1_r0128_c0640_rot270.png,640,128,256
1,sih1733,train,data/processed/patches/sar/1_r0128_c0768_orig.png,data/processed/patches/rgb/1_r0128_c0768_orig.png,768,128,256
1,sih1733,train,data/processed/patches/sar/1_r0128_c0768_fliph.png,data/processed/patches/rgb/1_r0128_c0768_fliph.png,768,128,256
1,sih1733,train,data/processed/patches/sar/1_r0128_c0768_flipv.png,data/processed/patches/rgb/1_r0128_c0768_flipv.png,768,128,256
1,sih1733,train,data/processed/patches/sar/1_r0128_c0768_rot90.png,data/processed/patches/rgb/1_r0128_c0768_rot90.png,768,128,256
1,sih1733,train,data/processed/patches/sar/1_r0128_c0768_rot180.png,data/processed/patches/rgb/1_r0128_c0768_rot180.png,768,128,256
1,sih1733,train,data/processed/patches/sar/1_r0128_c0768_rot270.png,data/processed/patches/rgb/1_r0128_c0768_rot270.png,768,128,256
1,sih1733,train,data/processed/patches/sar/1_r0128_c0896_orig.png,data/processed/patches/rgb/1_r0128_c0896_orig.png,896,128,256
1,sih1733,train,data/processed/patches/sar/1_r0128_c0896_fliph.png,data/processed/patches/rgb/1_r0128_c0896_fliph.png,896,128,256
1,sih1733,train,data/processed/patches/sar/1_r0128_c0896_flipv.png,data/processed/patches/rgb/1_r0128_c0896_flipv.png,896,128,256
1,sih1733,train,data/processed/patches/sar/1_r0128_c0896_rot90.png,data/processed/patches/rgb/1_r0128_c0896_rot90.png,896,128,256
1,sih1733,train,data/processed/patches/sar/1_r0128_c0896_rot180.png,data/processed/patches/rgb/1_r0128_c0896_rot180.png,896,128,256
1,sih1733,train,data/processed/patches/sar/1_r0128_c0896_rot270.png,data/processed/patches/rgb/1_r0128_c0896_rot270.png,896,128,256
1,sih1733,train,data/processed/patches/sar/1_r0128_c1024_orig.png,data/processed/patches/rgb/1_r0128_c1024_orig.png,1024,128,256
1,sih1733,train,data/processed/patches/sar/1_r0128_c1024_fliph.png,data/processed/patches/rgb/1_r0128_c1024_fliph.png,1024,128,256
1,sih1733,train,data/processed/patches/sar/1_r0128_c1024_flipv.png,data/processed/patches/rgb/1_r0128_c1024_flipv.png,1024,128,256
1,sih1733,train,data/processed/patches/sar/1_r0128_c1024_rot90.png,data/processed/patches/rgb/1_r0128_c1024_rot90.png,1024,128,256
1,sih1733,train,data/processed/patches/sar/1_r0128_c1024_rot180.png,data/processed/patches/rgb/1_r0128_c1024_rot180.png,1024,128,256
1,sih1733,train,data/processed/patches/sar/1_r0128_c1024_rot270.png,data/processed/patches/rgb/1_r0128_c1024_rot270.png,1024,128,256
1,sih1733,train,data/processed/patches/sar/1_r0128_c1152_orig.png,data/processed/patches/rgb/1_r0128_c1152_orig.png,1152,128,256
1,sih1733,train,data/processed/patches/sar/1_r0128_c1152_fliph.png,data/processed/patches/rgb/1_r0128_c1152_fliph.png,1152,128,256
1,sih1733,train,data/processed/patches/sar/1_r0128_c1152_flipv.png,data/processed/patches/rgb/1_r0128_c1152_flipv.png,1152,128,256
1,sih1733,train,data/processed/patches/sar/1_r0128_c1152_rot90.png,data/processed/patches/rgb/1_r0128_c1152_rot90.png,1152,128,256
1,sih1733,train,data/processed/patches/sar/1_r0128_c1152_rot180.png,data/processed/patches/rgb/1_r0128_c1152_rot180.png,1152,128,256
1,sih1733,train,data/processed/patches/sar/1_r0128_c1152_rot270.png,data/processed/patches/rgb/1_r0128_c1152_rot270.png,1152,128,256
1,sih1733,train,data/processed/patches/sar/1_r0128_c1280_orig.png,data/processed/patches/rgb/1_r0128_c1280_orig.png,1280,128,256
1,sih1733,train,data/processed/patches/sar/1_r0128_c1280_fliph.png,data/processed/patches/rgb/1_r0128_c1280_fliph.png,1280,128,256
1,sih1733,train,data/processed/patches/sar/1_r0128_c1280_flipv.png,data/processed/patches/rgb/1_r0128_c1280_flipv.png,1280,128,256
1,sih1733,train,data/processed/patches/sar/1_r0128_c1280_rot90.png,data/processed/patches/rgb/1_r0128_c1280_rot90.png,1280,128,256
1,sih1733,train,data/processed/patches/sar/1_r0128_c1280_rot180.png,data/processed/patches/rgb/1_r0128_c1280_rot180.png,1280,128,256
1,sih1733,train,data/processed/patches/sar/1_r0128_c1280_rot270.png,data/processed/patches/rgb/1_r0128_c1280_rot270.png,1280,128,256
1,sih1733,train,data/processed/patches/sar/1_r0128_c1408_orig.png,data/processed/patches/rgb/1_r0128_c1408_orig.png,1408,128,256
1,sih1733,train,data/processed/patches/sar/1_r0128_c1408_fliph.png,data/processed/patches/rgb/1_r0128_c1408_fliph.png,1408,128,256
1,sih1733,train,data/processed/patches/sar/1_r0128_c1408_flipv.png,data/processed/patches/rgb/1_r0128_c1408_flipv.png,1408,128,256
1,sih1733,train,data/processed/patches/sar/1_r0128_c1408_rot90.png,data/processed/patches/rgb/1_r0128_c1408_rot90.png,1408,128,256
1,sih1733,train,data/processed/patches/sar/1_r0128_c1408_rot180.png,data/processed/patches/rgb/1_r0128_c1408_rot180.png,1408,128,256
1,sih1733,train,data/processed/patches/sar/1_r0128_c1408_rot270.png,data/processed/patches/rgb/1_r0128_c1408_rot270.png,1408,128,256
1,sih1733,train,data/processed/patches/sar/1_r0128_c1536_orig.png,data/processed/patches/rgb/1_r0128_c1536_orig.png,1536,128,256
1,sih1733,train,data/processed/patches/sar/1_r0128_c1536_fliph.png,data/processed/patches/rgb/1_r0128_c1536_fliph.png,1536,128,256
1,sih1733,train,data/processed/patches/sar/1_r0128_c1536_flipv.png,data/processed/patches/rgb/1_r0128_c1536_flipv.png,1536,128,256
1,sih1733,train,data/processed/patches/sar/1_r0128_c1536_rot90.png,data/processed/patches/rgb/1_r0128_c1536_rot90.png,1536,128,256
1,sih1733,train,data/processed/patches/sar/1_r0128_c1536_rot180.png,data/processed/patches/rgb/1_r0128_c1536_rot180.png,1536,128,256
1,sih1733,train,data/processed/patches/sar/1_r0128_c1536_rot270.png,data/processed/patches/rgb/1_r0128_c1536_rot270.png,1536,128,256
1,sih1733,train,data/processed/patches/sar/1_r0128_c1664_orig.png,data/processed/patches/rgb/1_r0128_c1664_orig.png,1664,128,256
1,sih1733,train,data/processed/patches/sar/1_r0128_c1664_fliph.png,data/processed/patches/rgb/1_r0128_c1664_fliph.png,1664,128,256
1,sih1733,train,data/processed/patches/sar/1_r0128_c1664_flipv.png,data/processed/patches/rgb/1_r0128_c1664_flipv.png,1664,128,256
1,sih1733,train,data/processed/patches/sar/1_r0128_c1664_rot90.png,data/processed/patches/rgb/1_r0128_c1664_rot90.png,1664,128,256
1,sih1733,train,data/processed/patches/sar/1_r0128_c1664_rot180.png,data/processed/patches/rgb/1_r0128_c1664_rot180.png,1664,128,256
1,sih1733,train,data/processed/patches/sar/1_r0128_c1664_rot270.png,data/processed/patches/rgb/1_r0128_c1664_rot270.png,1664,128,256
1,sih1733,train,data/processed/patches/sar/1_r0128_c1792_orig.png,data/processed/patches/rgb/1_r0128_c1792_orig.png,1792,128,256
1,sih1733,train,data/processed/patches/sar/1_r0128_c1792_fliph.png,data/processed/patches/rgb/1_r0128_c1792_fliph.png,1792,128,256
1,sih1733,train,data/processed/patches/sar/1_r0128_c1792_flipv.png,data/processed/patches/rgb/1_r0128_c1792_flipv.png,1792,128,256
1,sih1733,train,data/processed/patches/sar/1_r0128_c1792_rot90.png,data/processed/patches/rgb/1_r0128_c1792_rot90.png,1792,128,256
1,sih1733,train,data/processed/patches/sar/1_r0128_c1792_rot180.png,data/processed/patches/rgb/1_r0128_c1792_rot180.png,1792,128,256
1,sih1733,train,data/processed/patches/sar/1_r0128_c1792_rot270.png,data/processed/patches/rgb/1_r0128_c1792_rot270.png,1792,128,256
1,sih1733,train,data/processed/patches/sar/1_r0128_c1920_orig.png,data/processed/patches/rgb/1_r0128_c1920_orig.png,1920,128,256
1,sih1733,train,data/processed/patches/sar/1_r0128_c1920_fliph.png,data/processed/patches/rgb/1_r0128_c1920_fliph.png,1920,128,256
1,sih1733,train,data/processed/patches/sar/1_r0128_c1920_flipv.png,data/processed/patches/rgb/1_r0128_c1920_flipv.png,1920,128,256
1,sih1733,train,data/processed/patches/sar/1_r0128_c1920_rot90.png,data/processed/patches/rgb/1_r0128_c1920_rot90.png,1920,128,256
1,sih1733,train,data/processed/patches/sar/1_r0128_c1920_rot180.png,data/processed/patches/rgb/1_r0128_c1920_rot180.png,1920,128,256
1,sih1733,train,data/processed/patches/sar/1_r0128_c1920_rot270.png,data/processed/patches/rgb/1_r0128_c1920_rot270.png,1920,128,256
1,sih1733,train,data/processed/patches/sar/1_r0128_c2048_orig.png,data/processed/patches/rgb/1_r0128_c2048_orig.png,2048,128,256
1,sih1733,train,data/processed/patches/sar/1_r0128_c2048_fliph.png,data/processed/patches/rgb/1_r0128_c2048_fliph.png,2048,128,256
1,sih1733,train,data/processed/patches/sar/1_r0128_c2048_flipv.png,data/processed/patches/rgb/1_r0128_c2048_flipv.png,2048,128,256
1,sih1733,train,data/processed/patches/sar/1_r0128_c2048_rot90.png,data/processed/patches/rgb/1_r0128_c2048_rot90.png,2048,128,256
1,sih1733,train,data/processed/patches/sar/1_r0128_c2048_rot180.png,data/processed/patches/rgb/1_r0128_c2048_rot180.png,2048,128,256
1,sih1733,train,data/processed/patches/sar/1_r0128_c2048_rot270.png,data/processed/patches/rgb/1_r0128_c2048_rot270.png,2048,128,256
1,sih1733,train,data/processed/patches/sar/1_r0128_c2176_orig.png,data/processed/patches/rgb/1_r0128_c2176_orig.png,2176,128,256
1,sih1733,train,data/processed/patches/sar/1_r0128_c2176_fliph.png,data/processed/patches/rgb/1_r0128_c2176_fliph.png,2176,128,256
1,sih1733,train,data/processed/patches/sar/1_r0128_c2176_flipv.png,data/processed/patches/rgb/1_r0128_c2176_flipv.png,2176,128,256
1,sih1733,train,data/processed/patches/sar/1_r0128_c2176_rot90.png,data/processed/patches/rgb/1_r0128_c2176_rot90.png,2176,128,256
1,sih1733,train,data/processed/patches/sar/1_r0128_c2176_rot180.png,data/processed/patches/rgb/1_r0128_c2176_rot180.png,2176,128,256
1,sih1733,train,data/processed/patches/sar/1_r0128_c2176_rot270.png,data/processed/patches/rgb/1_r0128_c2176_rot270.png,2176,128,256
1,sih1733,train,data/processed/patches/sar/1_r0256_c0000_orig.png,data/processed/patches/rgb/1_r0256_c0000_orig.png,0,256,256
1,sih1733,train,data/processed/patches/sar/1_r0256_c0000_fliph.png,data/processed/patches/rgb/1_r0256_c0000_fliph.png,0,256,256
1,sih1733,train,data/processed/patches/sar/1_r0256_c0000_flipv.png,data/processed/patches/rgb/1_r0256_c0000_flipv.png,0,256,256
1,sih1733,train,data/processed/patches/sar/1_r0256_c0000_rot90.png,data/processed/patches/rgb/1_r0256_c0000_rot90.png,0,256,256
1,sih1733,train,data/processed/patches/sar/1_r0256_c0000_rot180.png,data/processed/patches/rgb/1_r0256_c0000_rot180.png,0,256,256
1,sih1733,train,data/processed/patches/sar/1_r0256_c0000_rot270.png,data/processed/patches/rgb/1_r0256_c0000_rot270.png,0,256,256
1,sih1733,train,data/processed/patches/sar/1_r0256_c0128_orig.png,data/processed/patches/rgb/1_r0256_c0128_orig.png,128,256,256
1,sih1733,train,data/processed/patches/sar/1_r0256_c0128_fliph.png,data/processed/patches/rgb/1_r0256_c0128_fliph.png,128,256,256
1,sih1733,train,data/processed/patches/sar/1_r0256_c0128_flipv.png,data/processed/patches/rgb/1_r0256_c0128_flipv.png,128,256,256
1,sih1733,train,data/processed/patches/sar/1_r0256_c0128_rot90.png,data/processed/patches/rgb/1_r0256_c0128_rot90.png,128,256,256
1,sih1733,train,data/processed/patches/sar/1_r0256_c0128_rot180.png,data/processed/patches/rgb/1_r0256_c0128_rot180.png,128,256,256
1,sih1733,train,data/processed/patches/sar/1_r0256_c0128_rot270.png,data/processed/patches/rgb/1_r0256_c0128_rot270.png,128,256,256
1,sih1733,train,data/processed/patches/sar/1_r0256_c0256_orig.png,data/processed/patches/rgb/1_r0256_c0256_orig.png,256,256,256
1,sih1733,train,data/processed/patches/sar/1_r0256_c0256_fliph.png,data/processed/patches/rgb/1_r0256_c0256_fliph.png,256,256,256
1,sih1733,train,data/processed/patches/sar/1_r0256_c0256_flipv.png,data/processed/patches/rgb/1_r0256_c0256_flipv.png,256,256,256
1,sih1733,train,data/processed/patches/sar/1_r0256_c0256_rot90.png,data/processed/patches/rgb/1_r0256_c0256_rot90.png,256,256,256
1,sih1733,train,data/processed/patches/sar/1_r0256_c0256_rot180.png,data/processed/patches/rgb/1_r0256_c0256_rot180.png,256,256,256
1,sih1733,train,data/processed/patches/sar/1_r0256_c0256_rot270.png,data/processed/patches/rgb/1_r0256_c0256_rot270.png,256,256,256
1,sih1733,train,data/processed/patches/sar/1_r0256_c0384_orig.png,data/processed/patches/rgb/1_r0256_c0384_orig.png,384,256,256
1,sih1733,train,data/processed/patches/sar/1_r0256_c0384_fliph.png,data/processed/patches/rgb/1_r0256_c0384_fliph.png,384,256,256
1,sih1733,train,data/processed/patches/sar/1_r0256_c0384_flipv.png,data/processed/patches/rgb/1_r0256_c0384_flipv.png,384,256,256
1,sih1733,train,data/processed/patches/sar/1_r0256_c0384_rot90.png,data/processed/patches/rgb/1_r0256_c0384_rot90.png,384,256,256
1,sih1733,train,data/processed/patches/sar/1_r0256_c0384_rot180.png,data/processed/patches/rgb/1_r0256_c0384_rot180.png,384,256,256
1,sih1733,train,data/processed/patches/sar/1_r0256_c0384_rot270.png,data/processed/patches/rgb/1_r0256_c0384_rot270.png,384,256,256
1,sih1733,train,data/processed/patches/sar/1_r0256_c0512_orig.png,data/processed/patches/rgb/1_r0256_c0512_orig.png,512,256,256
1,sih1733,train,data/processed/patches/sar/1_r0256_c0512_fliph.png,data/processed/patches/rgb/1_r0256_c0512_fliph.png,512,256,256
1,sih1733,train,data/processed/patches/sar/1_r0256_c0512_flipv.png,data/processed/patches/rgb/1_r0256_c0512_flipv.png,512,256,256
1,sih1733,train,data/processed/patches/sar/1_r0256_c0512_rot90.png,data/processed/patches/rgb/1_r0256_c0512_rot90.png,512,256,256
1,sih1733,train,data/processed/patches/sar/1_r0256_c0512_rot180.png,data/processed/patches/rgb/1_r0256_c0512_rot180.png,512,256,256
1,sih1733,train,data/processed/patches/sar/1_r0256_c0512_rot270.png,data/processed/patches/rgb/1_r0256_c0512_rot270.png,512,256,256
1,sih1733,train,data/processed/patches/sar/1_r0256_c0640_orig.png,data/processed/patches/rgb/1_r0256_c0640_orig.png,640,256,256
1,sih1733,train,data/processed/patches/sar/1_r0256_c0640_fliph.png,data/processed/patches/rgb/1_r0256_c0640_fliph.png,640,256,256
1,sih1733,train,data/processed/patches/sar/1_r0256_c0640_flipv.png,data/processed/patches/rgb/1_r0256_c0640_flipv.png,640,256,256
1,sih1733,train,data/processed/patches/sar/1_r0256_c0640_rot90.png,data/processed/patches/rgb/1_r0256_c0640_rot90.png,640,256,256
1,sih1733,train,data/processed/patches/sar/1_r0256_c0640_rot180.png,data/processed/patches/rgb/1_r0256_c0640_rot180.png,640,256,256
1,sih1733,train,data/processed/patches/sar/1_r0256_c0640_rot270.png,data/processed/patches/rgb/1_r0256_c0640_rot270.png,640,256,256
1,sih1733,train,data/processed/patches/sar/1_r0256_c0768_orig.png,data/processed/patches/rgb/1_r0256_c0768_orig.png,768,256,256
1,sih1733,train,data/processed/patches/sar/1_r0256_c0768_fliph.png,data/processed/patches/rgb/1_r0256_c0768_fliph.png,768,256,256
1,sih1733,train,data/processed/patches/sar/1_r0256_c0768_flipv.png,data/processed/patches/rgb/1_r0256_c0768_flipv.png,768,256,256
1,sih1733,train,data/processed/patches/sar/1_r0256_c0768_rot90.png,data/processed/patches/rgb/1_r0256_c0768_rot90.png,768,256,256
1,sih1733,train,data/processed/patches/sar/1_r0256_c0768_rot180.png,data/processed/patches/rgb/1_r0256_c0768_rot180.png,768,256,256
1,sih1733,train,data/processed/patches/sar/1_r0256_c0768_rot270.png,data/processed/patches/rgb/1_r0256_c0768_rot270.png,768,256,256
1,sih1733,train,data/processed/patches/sar/1_r0256_c0896_orig.png,data/processed/patches/rgb/1_r0256_c0896_orig.png,896,256,256
1,sih1733,train,data/processed/patches/sar/1_r0256_c0896_fliph.png,data/processed/patches/rgb/1_r0256_c0896_fliph.png,896,256,256
1,sih1733,train,data/processed/patches/sar/1_r0256_c0896_flipv.png,data/processed/patches/rgb/1_r0256_c0896_flipv.png,896,256,256
1,sih1733,train,data/processed/patches/sar/1_r0256_c0896_rot90.png,data/processed/patches/rgb/1_r0256_c0896_rot90.png,896,256,256
1,sih1733,train,data/processed/patches/sar/1_r0256_c0896_rot180.png,data/processed/patches/rgb/1_r0256_c0896_rot180.png,896,256,256
1,sih1733,train,data/processed/patches/sar/1_r0256_c0896_rot270.png,data/processed/patches/rgb/1_r0256_c0896_rot270.png,896,256,256
1,sih1733,train,data/processed/patches/sar/1_r0256_c1024_orig.png,data/processed/patches/rgb/1_r0256_c1024_orig.png,1024,256,256
1,sih1733,train,data/processed/patches/sar/1_r0256_c1024_fliph.png,data/processed/patches/rgb/1_r0256_c1024_fliph.png,1024,256,256
1,sih1733,train,data/processed/patches/sar/1_r0256_c1024_flipv.png,data/processed/patches/rgb/1_r0256_c1024_flipv.png,1024,256,256
1,sih1733,train,data/processed/patches/sar/1_r0256_c1024_rot90.png,data/processed/patches/rgb/1_r0256_c1024_rot90.png,1024,256,256
1,sih1733,train,data/processed/patches/sar/1_r0256_c1024_rot180.png,data/processed/patches/rgb/1_r0256_c1024_rot180.png,1024,256,256
1,sih1733,train,data/processed/patches/sar/1_r0256_c1024_rot270.png,data/processed/patches/rgb/1_r0256_c1024_rot270.png,1024,256,256
1,sih1733,train,data/processed/patches/sar/1_r0256_c1152_orig.png,data/processed/patches/rgb/1_r0256_c1152_orig.png,1152,256,256
1,sih1733,train,data/processed/patches/sar/1_r0256_c1152_fliph.png,data/processed/patches/rgb/1_r0256_c1152_fliph.png,1152,256,256
1,sih1733,train,data/processed/patches/sar/1_r0256_c1152_flipv.png,data/processed/patches/rgb/1_r0256_c1152_flipv.png,1152,256,256
1,sih1733,train,data/processed/patches/sar/1_r0256_c1152_rot90.png,data/processed/patches/rgb/1_r0256_c1152_rot90.png,1152,256,256
1,sih1733,train,data/processed/patches/sar/1_r0256_c1152_rot180.png,data/processed/patches/rgb/1_r0256_c1152_rot180.png,1152,256,256
1,sih1733,train,data/processed/patches/sar/1_r0256_c1152_rot270.png,data/processed/patches/rgb/1_r0256_c1152_rot270.png,1152,256,256
1,sih1733,train,data/processed/patches/sar/1_r0256_c1280_orig.png,data/processed/patches/rgb/1_r0256_c1280_orig.png,1280,256,256
1,sih1733,train,data/processed/patches/sar/1_r0256_c1280_fliph.png,data/processed/patches/rgb/1_r0256_c1280_fliph.png,1280,256,256
1,sih1733,train,data/processed/patches/sar/1_r0256_c1280_flipv.png,data/processed/patches/rgb/1_r0256_c1280_flipv.png,1280,256,256
1,sih1733,train,data/processed/patches/sar/1_r0256_c1280_rot90.png,data/processed/patches/rgb/1_r0256_c1280_rot90.png,1280,256,256
1,sih1733,train,data/processed/patches/sar/1_r0256_c1280_rot180.png,data/processed/patches/rgb/1_r0256_c1280_rot180.png,1280,256,256
1,sih1733,train,data/processed/patches/sar/1_r0256_c1280_rot270.png,data/processed/patches/rgb/1_r0256_c1280_rot270.png,1280,256,256
1,sih1733,train,data/processed/patches/sar/1_r0256_c1408_orig.png,data/processed/patches/rgb/1_r0256_c1408_orig.png,1408,256,256
1,sih1733,train,data/processed/patches/sar/1_r0256_c1408_fliph.png,data/processed/patches/rgb/1_r0256_c1408_fliph.png,1408,256,256
1,sih1733,train,data/processed/patches/sar/1_r0256_c1408_flipv.png,data/processed/patches/rgb/1_r0256_c1408_flipv.png,1408,256,256
1,sih1733,train,data/processed/patches/sar/1_r0256_c1408_rot90.png,data/processed/patches/rgb/1_r0256_c1408_rot90.png,1408,256,256
1,sih1733,train,data/processed/patches/sar/1_r0256_c1408_rot180.png,data/processed/patches/rgb/1_r0256_c1408_rot180.png,1408,256,256
1,sih1733,train,data/processed/patches/sar/1_r0256_c1408_rot270.png,data/processed/patches/rgb/1_r0256_c1408_rot270.png,1408,256,256
1,sih1733,train,data/processed/patches/sar/1_r0256_c1536_orig.png,data/processed/patches/rgb/1_r0256_c1536_orig.png,1536,256,256
1,sih1733,train,data/processed/patches/sar/1_r0256_c1536_fliph.png,data/processed/patches/rgb/1_r0256_c1536_fliph.png,1536,256,256
1,sih1733,train,data/processed/patches/sar/1_r0256_c1536_flipv.png,data/processed/patches/rgb/1_r0256_c1536_flipv.png,1536,256,256
1,sih1733,train,data/processed/patches/sar/1_r0256_c1536_rot90.png,data/processed/patches/rgb/1_r0256_c1536_rot90.png,1536,256,256
1,sih1733,train,data/processed/patches/sar/1_r0256_c1536_rot180.png,data/processed/patches/rgb/1_r0256_c1536_rot180.png,1536,256,256
1,sih1733,train,data/processed/patches/sar/1_r0256_c1536_rot270.png,data/processed/patches/rgb/1_r0256_c1536_rot270.png,1536,256,256
1,sih1733,train,data/processed/patches/sar/1_r0256_c1664_orig.png,data/processed/patches/rgb/1_r0256_c1664_orig.png,1664,256,256
1,sih1733,train,data/processed/patches/sar/1_r0256_c1664_fliph.png,data/processed/patches/rgb/1_r0256_c1664_fliph.png,1664,256,256
1,sih1733,train,data/processed/patches/sar/1_r0256_c1664_flipv.png,data/processed/patches/rgb/1_r0256_c1664_flipv.png,1664,256,256
1,sih1733,train,data/processed/patches/sar/1_r0256_c1664_rot90.png,data/processed/patches/rgb/1_r0256_c1664_rot90.png,1664,256,256
1,sih1733,train,data/processed/patches/sar/1_r0256_c1664_rot180.png,data/processed/patches/rgb/1_r0256_c1664_rot180.png,1664,256,256
1,sih1733,train,data/processed/patches/sar/1_r0256_c1664_rot270.png,data/processed/patches/rgb/1_r0256_c1664_rot270.png,1664,256,256
1,sih1733,train,data/processed/patches/sar/1_r0256_c1792_orig.png,data/processed/patches/rgb/1_r0256_c1792_orig.png,1792,256,256
1,sih1733,train,data/processed/patches/sar/1_r0256_c1792_fliph.png,data/processed/patches/rgb/1_r0256_c1792_fliph.png,1792,256,256
1,sih1733,train,data/processed/patches/sar/1_r0256_c1792_flipv.png,data/processed/patches/rgb/1_r0256_c1792_flipv.png,1792,256,256
1,sih1733,train,data/processed/patches/sar/1_r0256_c1792_rot90.png,data/processed/patches/rgb/1_r0256_c1792_rot90.png,1792,256,256
1,sih1733,train,data/processed/patches/sar/1_r0256_c1792_rot180.png,data/processed/patches/rgb/1_r0256_c1792_rot180.png,1792,256,256
1,sih1733,train,data/processed/patches/sar/1_r0256_c1792_rot270.png,data/processed/patches/rgb/1_r0256_c1792_rot270.png,1792,256,256
1,sih1733,train,data/processed/patches/sar/1_r0256_c1920_orig.png,data/processed/patches/rgb/1_r0256_c1920_orig.png,1920,256,256
1,sih1733,train,data/processed/patches/sar/1_r0256_c1920_fliph.png,data/processed/patches/rgb/1_r0256_c1920_fliph.png,1920,256,256
1,sih1733,train,data/processed/patches/sar/1_r0256_c1920_flipv.png,data/processed/patches/rgb/1_r0256_c1920_flipv.png,1920,256,256
1,sih1733,train,data/processed/patches/sar/1_r0256_c1920_rot90.png,data/processed/patches/rgb/1_r0256_c1920_rot90.png,1920,256,256
1,sih1733,train,data/processed/patches/sar/1_r0256_c1920_rot180.png,data/processed/patches/rgb/1_r0256_c1920_rot180.png,1920,256,256
1,sih1733,train,data/processed/patches/sar/1_r0256_c1920_rot270.png,data/processed/patches/rgb/1_r0256_c1920_rot270.png,1920,256,256
1,sih1733,train,data/processed/patches/sar/1_r0256_c2048_orig.png,data/processed/patches/rgb/1_r0256_c2048_orig.png,2048,256,256
1,sih1733,train,data/processed/patches/sar/1_r0256_c2048_fliph.png,data/processed/patches/rgb/1_r0256_c2048_fliph.png,2048,256,256
1,sih1733,train,data/processed/patches/sar/1_r0256_c2048_flipv.png,data/processed/patches/rgb/1_r0256_c2048_flipv.png,2048,256,256
1,sih1733,train,data/processed/patches/sar/1_r0256_c2048_rot90.png,data/processed/patches/rgb/1_r0256_c2048_rot90.png,2048,256,256
1,sih1733,train,data/processed/patches/sar/1_r0256_c2048_rot180.png,data/processed/patches/rgb/1_r0256_c2048_rot180.png,2048,256,256
1,sih1733,train,data/processed/patches/sar/1_r0256_c2048_rot270.png,data/processed/patches/rgb/1_r0256_c2048_rot270.png,2048,256,256
1,sih1733,train,data/processed/patches/sar/1_r0256_c2176_orig.png,data/processed/patches/rgb/1_r0256_c2176_orig.png,2176,256,256
1,sih1733,train,data/processed/patches/sar/1_r0256_c2176_fliph.png,data/processed/patches/rgb/1_r0256_c2176_fliph.png,2176,256,256
1,sih1733,train,data/processed/patches/sar/1_r0256_c2176_flipv.png,data/processed/patches/rgb/1_r0256_c2176_flipv.png,2176,256,256
1,sih1733,train,data/processed/patches/sar/1_r0256_c2176_rot90.png,data/processed/patches/rgb/1_r0256_c2176_rot90.png,2176,256,256
1,sih1733,train,data/processed/patches/sar/1_r0256_c2176_rot180.png,data/processed/patches/rgb/1_r0256_c2176_rot180.png,2176,256,256
1,sih1733,train,data/processed/patches/sar/1_r0256_c2176_rot270.png,data/processed/patches/rgb/1_r0256_c2176_rot270.png,2176,256,256
1,sih1733,train,data/processed/patches/sar/1_r0384_c0000_orig.png,data/processed/patches/rgb/1_r0384_c0000_orig.png,0,384,256
1,sih1733,train,data/processed/patches/sar/1_r0384_c0000_fliph.png,data/processed/patches/rgb/1_r0384_c0000_fliph.png,0,384,256
1,sih1733,train,data/processed/patches/sar/1_r0384_c0000_flipv.png,data/processed/patches/rgb/1_r0384_c0000_flipv.png,0,384,256
1,sih1733,train,data/processed/patches/sar/1_r0384_c0000_rot90.png,data/processed/patches/rgb/1_r0384_c0000_rot90.png,0,384,256
1,sih1733,train,data/processed/patches/sar/1_r0384_c0000_rot180.png,data/processed/patches/rgb/1_r0384_c0000_rot180.png,0,384,256
1,sih1733,train,data/processed/patches/sar/1_r0384_c0000_rot270.png,data/processed/patches/rgb/1_r0384_c0000_rot270.png,0,384,256
1,sih1733,train,data/processed/patches/sar/1_r0384_c0128_orig.png,data/processed/patches/rgb/1_r0384_c0128_orig.png,128,384,256
1,sih1733,train,data/processed/patches/sar/1_r0384_c0128_fliph.png,data/processed/patches/rgb/1_r0384_c0128_fliph.png,128,384,256
1,sih1733,train,data/processed/patches/sar/1_r0384_c0128_flipv.png,data/processed/patches/rgb/1_r0384_c0128_flipv.png,128,384,256
1,sih1733,train,data/processed/patches/sar/1_r0384_c0128_rot90.png,data/processed/patches/rgb/1_r0384_c0128_rot90.png,128,384,256
1,sih1733,train,data/processed/patches/sar/1_r0384_c0128_rot180.png,data/processed/patches/rgb/1_r0384_c0128_rot180.png,128,384,256
1,sih1733,train,data/processed/patches/sar/1_r0384_c0128_rot270.png,data/processed/patches/rgb/1_r0384_c0128_rot270.png,128,384,256
1,sih1733,train,data/processed/patches/sar/1_r0384_c0256_orig.png,data/processed/patches/rgb/1_r0384_c0256_orig.png,256,384,256
1,sih1733,train,data/processed/patches/sar/1_r0384_c0256_fliph.png,data/processed/patches/rgb/1_r0384_c0256_fliph.png,256,384,256
1,sih1733,train,data/processed/patches/sar/1_r0384_c0256_flipv.png,data/processed/patches/rgb/1_r0384_c0256_flipv.png,256,384,256
1,sih1733,train,data/processed/patches/sar/1_r0384_c0256_rot90.png,data/processed/patches/rgb/1_r0384_c0256_rot90.png,256,384,256
1,sih1733,train,data/processed/patches/sar/1_r0384_c0256_rot180.png,data/processed/patches/rgb/1_r0384_c0256_rot180.png,256,384,256
1,sih1733,train,data/processed/patches/sar/1_r0384_c0256_rot270.png,data/processed/patches/rgb/1_r0384_c0256_rot270.png,256,384,256
1,sih1733,train,data/processed/patches/sar/1_r0384_c0384_orig.png,data/processed/patches/rgb/1_r0384_c0384_orig.png,384,384,256
1,sih1733,train,data/processed/patches/sar/1_r0384_c0384_fliph.png,data/processed/patches/rgb/1_r0384_c0384_fliph.png,384,384,256
1,sih1733,train,data/processed/patches/sar/1_r0384_c0384_flipv.png,data/processed/patches/rgb/1_r0384_c0384_flipv.png,384,384,256
1,sih1733,train,data/processed/patches/sar/1_r0384_c0384_rot90.png,data/processed/patches/rgb/1_r0384_c0384_rot90.png,384,384,256
1,sih1733,train,data/processed/patches/sar/1_r0384_c0384_rot180.png,data/processed/patches/rgb/1_r0384_c0384_rot180.png,384,384,256
1,sih1733,train,data/processed/patches/sar/1_r0384_c0384_rot270.png,data/processed/patches/rgb/1_r0384_c0384_rot270.png,384,384,256
1,sih1733,train,data/processed/patches/sar/1_r0384_c0512_orig.png,data/processed/patches/rgb/1_r0384_c0512_orig.png,512,384,256
1,sih1733,train,data/processed/patches/sar/1_r0384_c0512_fliph.png,data/processed/patches/rgb/1_r0384_c0512_fliph.png,512,384,256
1,sih1733,train,data/processed/patches/sar/1_r0384_c0512_flipv.png,data/processed/patches/rgb/1_r0384_c0512_flipv.png,512,384,256
1,sih1733,train,data/processed/patches/sar/1_r0384_c0512_rot90.png,data/processed/patches/rgb/1_r0384_c0512_rot90.png,512,384,256
1,sih1733,train,data/processed/patches/sar/1_r0384_c0512_rot180.png,data/processed/patches/rgb/1_r0384_c0512_rot180.png,512,384,256
1,sih1733,train,data/processed/patches/sar/1_r0384_c0512_rot270.png,data/processed/patches/rgb/1_r0384_c0512_rot270.png,512,384,256
1,sih1733,train,data/processed/patches/sar/1_r0384_c0640_orig.png,data/processed/patches/rgb/1_r0384_c0640_orig.png,640,384,256
1,sih1733,train,data/processed/patches/sar/1_r0384_c0640_fliph.png,data/processed/patches/rgb/1_r0384_c0640_fliph.png,640,384,256
1,sih1733,train,data/processed/patches/sar/1_r0384_c0640_flipv.png,data/processed/patches/rgb/1_r0384_c0640_flipv.png,640,384,256
1,sih1733,train,data/processed/patches/sar/1_r0384_c0640_rot90.png,data/processed/patches/rgb/1_r0384_c0640_rot90.png,640,384,256
1,sih1733,train,data/processed/patches/sar/1_r0384_c0640_rot180.png,data/processed/patches/rgb/1_r0384_c0640_rot180.png,640,384,256
1,sih1733,train,data/processed/patches/sar/1_r0384_c0640_rot270.png,data/processed/patches/rgb/1_r0384_c0640_rot270.png,640,384,256
1,sih1733,train,data/processed/patches/sar/1_r0384_c0768_orig.png,data/processed/patches/rgb/1_r0384_c0768_orig.png,768,384,256
1,sih1733,train,data/processed/patches/sar/1_r0384_c0768_fliph.png,data/processed/patches/rgb/1_r0384_c0768_fliph.png,768,384,256
1,sih1733,train,data/processed/patches/sar/1_r0384_c0768_flipv.png,data/processed/patches/rgb/1_r0384_c0768_flipv.png,768,384,256
1,sih1733,train,data/processed/patches/sar/1_r0384_c0768_rot90.png,data/processed/patches/rgb/1_r0384_c0768_rot90.png,768,384,256
1,sih1733,train,data/processed/patches/sar/1_r0384_c0768_rot180.png,data/processed/patches/rgb/1_r0384_c0768_rot180.png,768,384,256
1,sih1733,train,data/processed/patches/sar/1_r0384_c0768_rot270.png,data/processed/patches/rgb/1_r0384_c0768_rot270.png,768,384,256
1,sih1733,train,data/processed/patches/sar/1_r0384_c0896_orig.png,data/processed/patches/rgb/1_r0384_c0896_orig.png,896,384,256
1,sih1733,train,data/processed/patches/sar/1_r0384_c0896_fliph.png,data/processed/patches/rgb/1_r0384_c0896_fliph.png,896,384,256
1,sih1733,train,data/processed/patches/sar/1_r0384_c0896_flipv.png,data/processed/patches/rgb/1_r0384_c0896_flipv.png,896,384,256
1,sih1733,train,data/processed/patches/sar/1_r0384_c0896_rot90.png,data/processed/patches/rgb/1_r0384_c0896_rot90.png,896,384,256
1,sih1733,train,data/processed/patches/sar/1_r0384_c0896_rot180.png,data/processed/patches/rgb/1_r0384_c0896_rot180.png,896,384,256
1,sih1733,train,data/processed/patches/sar/1_r0384_c0896_rot270.png,data/processed/patches/rgb/1_r0384_c0896_rot270.png,896,384,256
1,sih1733,train,data/processed/patches/sar/1_r0384_c1024_orig.png,data/processed/patches/rgb/1_r0384_c1024_orig.png,1024,384,256
1,sih1733,train,data/processed/patches/sar/1_r0384_c1024_fliph.png,data/processed/patches/rgb/1_r0384_c1024_fliph.png,1024,384,256
1,sih1733,train,data/processed/patches/sar/1_r0384_c1024_flipv.png,data/processed/patches/rgb/1_r0384_c1024_flipv.png,1024,384,256
1,sih1733,train,data/processed/patches/sar/1_r0384_c1024_rot90.png,data/processed/patches/rgb/1_r0384_c1024_rot90.png,1024,384,256
1,sih1733,train,data/processed/patches/sar/1_r0384_c1024_rot180.png,data/processed/patches/rgb/1_r0384_c1024_rot180.png,1024,384,256
1,sih1733,train,data/processed/patches/sar/1_r0384_c1024_rot270.png,data/processed/patches/rgb/1_r0384_c1024_rot270.png,1024,384,256
1,sih1733,train,data/processed/patches/sar/1_r0384_c1152_orig.png,data/processed/patches/rgb/1_r0384_c1152_orig.png,1152,384,256
1,sih1733,train,data/processed/patches/sar/1_r0384_c1152_fliph.png,data/processed/patches/rgb/1_r0384_c1152_fliph.png,1152,384,256
1,sih1733,train,data/processed/patches/sar/1_r0384_c1152_flipv.png,data/processed/patches/rgb/1_r0384_c1152_flipv.png,1152,384,256
1,sih1733,train,data/processed/patches/sar/1_r0384_c1152_rot90.png,data/processed/patches/rgb/1_r0384_c1152_rot90.png,1152,384,256
1,sih1733,train,data/processed/patches/sar/1_r0384_c1152_rot180.png,data/processed/patches/rgb/1_r0384_c1152_rot180.png,1152,384,256
1,sih1733,train,data/processed/patches/sar/1_r0384_c1152_rot270.png,data/processed/patches/rgb/1_r0384_c1152_rot270.png,1152,384,256
1,sih1733,train,data/processed/patches/sar/1_r0384_c1280_orig.png,data/processed/patches/rgb/1_r0384_c1280_orig.png,1280,384,256
1,sih1733,train,data/processed/patches/sar/1_r0384_c1280_fliph.png,data/processed/patches/rgb/1_r0384_c1280_fliph.png,1280,384,256
1,sih1733,train,data/processed/patches/sar/1_r0384_c1280_flipv.png,data/processed/patches/rgb/1_r0384_c1280_flipv.png,1280,384,256
1,sih1733,train,data/processed/patches/sar/1_r0384_c1280_rot90.png,data/processed/patches/rgb/1_r0384_c1280_rot90.png,1280,384,256
1,sih1733,train,data/processed/patches/sar/1_r0384_c1280_rot180.png,data/processed/patches/rgb/1_r0384_c1280_rot180.png,1280,384,256
1,sih1733,train,data/processed/patches/sar/1_r0384_c1280_rot270.png,data/processed/patches/rgb/1_r0384_c1280_rot270.png,1280,384,256
1,sih1733,train,data/processed/patches/sar/1_r0384_c1408_orig.png,data/processed/patches/rgb/1_r0384_c1408_orig.png,1408,384,256
1,sih1733,train,data/processed/patches/sar/1_r0384_c1408_fliph.png,data/processed/patches/rgb/1_r0384_c1408_fliph.png,1408,384,256
1,sih1733,train,data/processed/patches/sar/1_r0384_c1408_flipv.png,data/processed/patches/rgb/1_r0384_c1408_flipv.png,1408,384,256
1,sih1733,train,data/processed/patches/sar/1_r0384_c1408_rot90.png,data/processed/patches/rgb/1_r0384_c1408_rot90.png,1408,384,256
1,sih1733,train,data/processed/patches/sar/1_r0384_c1408_rot180.png,data/processed/patches/rgb/1_r0384_c1408_rot180.png,1408,384,256
1,sih1733,train,data/processed/patches/sar/1_r0384_c1408_rot270.png,data/processed/patches/rgb/1_r0384_c1408_rot270.png,1408,384,256
1,sih1733,train,data/processed/patches/sar/1_r0384_c1536_orig.png,data/processed/patches/rgb/1_r0384_c1536_orig.png,1536,384,256
1,sih1733,train,data/processed/patches/sar/1_r0384_c1536_fliph.png,data/processed/patches/rgb/1_r0384_c1536_fliph.png,1536,384,256
1,sih1733,train,data/processed/patches/sar/1_r0384_c1536_flipv.png,data/processed/patches/rgb/1_r0384_c1536_flipv.png,1536,384,256
1,sih1733,train,data/processed/patches/sar/1_r0384_c1536_rot90.png,data/processed/patches/rgb/1_r0384_c1536_rot90.png,1536,384,256
1,sih1733,train,data/processed/patches/sar/1_r0384_c1536_rot180.png,data/processed/patches/rgb/1_r0384_c1536_rot180.png,1536,384,256
1,sih1733,train,data/processed/patches/sar/1_r0384_c1536_rot270.png,data/processed/patches/rgb/1_r0384_c1536_rot270.png,1536,384,256
1,sih1733,train,data/processed/patches/sar/1_r0384_c1664_orig.png,data/processed/patches/rgb/1_r0384_c1664_orig.png,1664,384,256
1,sih1733,train,data/processed/patches/sar/1_r0384_c1664_fliph.png,data/processed/patches/rgb/1_r0384_c1664_fliph.png,1664,384,256
1,sih1733,train,data/processed/patches/sar/1_r0384_c1664_flipv.png,data/processed/patches/rgb/1_r0384_c1664_flipv.png,1664,384,256
1,sih1733,train,data/processed/patches/sar/1_r0384_c1664_rot90.png,data/processed/patches/rgb/1_r0384_c1664_rot90.png,1664,384,256
1,sih1733,train,data/processed/patches/sar/1_r0384_c1664_rot180.png,data/processed/patches/rgb/1_r0384_c1664_rot180.png,1664,384,256
1,sih1733,train,data/processed/patches/sar/1_r0384_c1664_rot270.png,data/processed/patches/rgb/1_r0384_c1664_rot270.png,1664,384,256
1,sih1733,train,data/processed/patches/sar/1_r0384_c1792_orig.png,data/processed/patches/rgb/1_r0384_c1792_orig.png,1792,384,256
1,sih1733,train,data/processed/patches/sar/1_r0384_c1792_fliph.png,data/processed/patches/rgb/1_r0384_c1792_fliph.png,1792,384,256
1,sih1733,train,data/processed/patches/sar/1_r0384_c1792_flipv.png,data/processed/patches/rgb/1_r0384_c1792_flipv.png,1792,384,256
1,sih1733,train,data/processed/patches/sar/1_r0384_c1792_rot90.png,data/processed/patches/rgb/1_r0384_c1792_rot90.png,1792,384,256
1,sih1733,train,data/processed/patches/sar/1_r0384_c1792_rot180.png,data/processed/patches/rgb/1_r0384_c1792_rot180.png,1792,384,256
1,sih1733,train,data/processed/patches/sar/1_r0384_c1792_rot270.png,data/processed/patches/rgb/1_r0384_c1792_rot270.png,1792,384,256
1,sih1733,train,data/processed/patches/sar/1_r0384_c1920_orig.png,data/processed/patches/rgb/1_r0384_c1920_orig.png,1920,384,256
1,sih1733,train,data/processed/patches/sar/1_r0384_c1920_fliph.png,data/processed/patches/rgb/1_r0384_c1920_fliph.png,1920,384,256
1,sih1733,train,data/processed/patches/sar/1_r0384_c1920_flipv.png,data/processed/patches/rgb/1_r0384_c1920_flipv.png,1920,384,256
1,sih1733,train,data/processed/patches/sar/1_r0384_c1920_rot90.png,data/processed/patches/rgb/1_r0384_c1920_rot90.png,1920,384,256
1,sih1733,train,data/processed/patches/sar/1_r0384_c1920_rot180.png,data/processed/patches/rgb/1_r0384_c1920_rot180.png,1920,384,256
1,sih1733,train,data/processed/patches/sar/1_r0384_c1920_rot270.png,data/processed/patches/rgb/1_r0384_c1920_rot270.png,1920,384,256
1,sih1733,train,data/processed/patches/sar/1_r0384_c2048_orig.png,data/processed/patches/rgb/1_r0384_c2048_orig.png,2048,384,256
1,sih1733,train,data/processed/patches/sar/1_r0384_c2048_fliph.png,data/processed/patches/rgb/1_r0384_c2048_fliph.png,2048,384,256
1,sih1733,train,data/processed/patches/sar/1_r0384_c2048_flipv.png,data/processed/patches/rgb/1_r0384_c2048_flipv.png,2048,384,256
1,sih1733,train,data/processed/patches/sar/1_r0384_c2048_rot90.png,data/processed/patches/rgb/1_r0384_c2048_rot90.png,2048,384,256
1,sih1733,train,data/processed/patches/sar/1_r0384_c2048_rot180.png,data/processed/patches/rgb/1_r0384_c2048_rot180.png,2048,384,256
1,sih1733,train,data/processed/patches/sar/1_r0384_c2048_rot270.png,data/processed/patches/rgb/1_r0384_c2048_rot270.png,2048,384,256
1,sih1733,train,data/processed/patches/sar/1_r0384_c2176_orig.png,data/processed/patches/rgb/1_r0384_c2176_orig.png,2176,384,256
1,sih1733,train,data/processed/patches/sar/1_r0384_c2176_fliph.png,data/processed/patches/rgb/1_r0384_c2176_fliph.png,2176,384,256
1,sih1733,train,data/processed/patches/sar/1_r0384_c2176_flipv.png,data/processed/patches/rgb/1_r0384_c2176_flipv.png,2176,384,256
1,sih1733,train,data/processed/patches/sar/1_r0384_c2176_rot90.png,data/processed/patches/rgb/1_r0384_c2176_rot90.png,2176,384,256
1,sih1733,train,data/processed/patches/sar/1_r0384_c2176_rot180.png,data/processed/patches/rgb/1_r0384_c2176_rot180.png,2176,384,256
1,sih1733,train,data/processed/patches/sar/1_r0384_c2176_rot270.png,data/processed/patches/rgb/1_r0384_c2176_rot270.png,2176,384,256
1,sih1733,train,data/processed/patches/sar/1_r0512_c0000_orig.png,data/processed/patches/rgb/1_r0512_c0000_orig.png,0,512,256
1,sih1733,train,data/processed/patches/sar/1_r0512_c0000_fliph.png,data/processed/patches/rgb/1_r0512_c0000_fliph.png,0,512,256
1,sih1733,train,data/processed/patches/sar/1_r0512_c0000_flipv.png,data/processed/patches/rgb/1_r0512_c0000_flipv.png,0,512,256
1,sih1733,train,data/processed/patches/sar/1_r0512_c0000_rot90.png,data/processed/patches/rgb/1_r0512_c0000_rot90.png,0,512,256
1,sih1733,train,data/processed/patches/sar/1_r0512_c0000_rot180.png,data/processed/patches/rgb/1_r0512_c0000_rot180.png,0,512,256
1,sih1733,train,data/processed/patches/sar/1_r0512_c0000_rot270.png,data/processed/patches/rgb/1_r0512_c0000_rot270.png,0,512,256
1,sih1733,train,data/processed/patches/sar/1_r0512_c0128_orig.png,data/processed/patches/rgb/1_r0512_c0128_orig.png,128,512,256
1,sih1733,train,data/processed/patches/sar/1_r0512_c0128_fliph.png,data/processed/patches/rgb/1_r0512_c0128_fliph.png,128,512,256
1,sih1733,train,data/processed/patches/sar/1_r0512_c0128_flipv.png,data/processed/patches/rgb/1_r0512_c0128_flipv.png,128,512,256
1,sih1733,train,data/processed/patches/sar/1_r0512_c0128_rot90.png,data/processed/patches/rgb/1_r0512_c0128_rot90.png,128,512,256
1,sih1733,train,data/processed/patches/sar/1_r0512_c0128_rot180.png,data/processed/patches/rgb/1_r0512_c0128_rot180.png,128,512,256
1,sih1733,train,data/processed/patches/sar/1_r0512_c0128_rot270.png,data/processed/patches/rgb/1_r0512_c0128_rot270.png,128,512,256
1,sih1733,train,data/processed/patches/sar/1_r0512_c0256_orig.png,data/processed/patches/rgb/1_r0512_c0256_orig.png,256,512,256
1,sih1733,train,data/processed/patches/sar/1_r0512_c0256_fliph.png,data/processed/patches/rgb/1_r0512_c0256_fliph.png,256,512,256
1,sih1733,train,data/processed/patches/sar/1_r0512_c0256_flipv.png,data/processed/patches/rgb/1_r0512_c0256_flipv.png,256,512,256
1,sih1733,train,data/processed/patches/sar/1_r0512_c0256_rot90.png,data/processed/patches/rgb/1_r0512_c0256_rot90.png,256,512,256
1,sih1733,train,data/processed/patches/sar/1_r0512_c0256_rot180.png,data/processed/patches/rgb/1_r0512_c0256_rot180.png,256,512,256
1,sih1733,train,data/processed/patches/sar/1_r0512_c0256_rot270.png,data/processed/patches/rgb/1_r0512_c0256_rot270.png,256,512,256
1,sih1733,train,data/processed/patches/sar/1_r0512_c0384_orig.png,data/processed/patches/rgb/1_r0512_c0384_orig.png,384,512,256
1,sih1733,train,data/processed/patches/sar/1_r0512_c0384_fliph.png,data/processed/patches/rgb/1_r0512_c0384_fliph.png,384,512,256
1,sih1733,train,data/processed/patches/sar/1_r0512_c0384_flipv.png,data/processed/patches/rgb/1_r0512_c0384_flipv.png,384,512,256
1,sih1733,train,data/processed/patches/sar/1_r0512_c0384_rot90.png,data/processed/patches/rgb/1_r0512_c0384_rot90.png,384,512,256
1,sih1733,train,data/processed/patches/sar/1_r0512_c0384_rot180.png,data/processed/patches/rgb/1_r0512_c0384_rot180.png,384,512,256
1,sih1733,train,data/processed/patches/sar/1_r0512_c0384_rot270.png,data/processed/patches/rgb/1_r0512_c0384_rot270.png,384,512,256
1,sih1733,train,data/processed/patches/sar/1_r0512_c0512_orig.png,data/processed/patches/rgb/1_r0512_c0512_orig.png,512,512,256
1,sih1733,train,data/processed/patches/sar/1_r0512_c0512_fliph.png,data/processed/patches/rgb/1_r0512_c0512_fliph.png,512,512,256
1,sih1733,train,data/processed/patches/sar/1_r0512_c0512_flipv.png,data/processed/patches/rgb/1_r0512_c0512_flipv.png,512,512,256
1,sih1733,train,data/processed/patches/sar/1_r0512_c0512_rot90.png,data/processed/patches/rgb/1_r0512_c0512_rot90.png,512,512,256
1,sih1733,train,data/processed/patches/sar/1_r0512_c0512_rot180.png,data/processed/patches/rgb/1_r0512_c0512_rot180.png,512,512,256
1,sih1733,train,data/processed/patches/sar/1_r0512_c0512_rot270.png,data/processed/patches/rgb/1_r0512_c0512_rot270.png,512,512,256
1,sih1733,train,data/processed/patches/sar/1_r0512_c0640_orig.png,data/processed/patches/rgb/1_r0512_c0640_orig.png,640,512,256
1,sih1733,train,data/processed/patches/sar/1_r0512_c0640_fliph.png,data/processed/patches/rgb/1_r0512_c0640_fliph.png,640,512,256
1,sih1733,train,data/processed/patches/sar/1_r0512_c0640_flipv.png,data/processed/patches/rgb/1_r0512_c0640_flipv.png,640,512,256
1,sih1733,train,data/processed/patches/sar/1_r0512_c0640_rot90.png,data/processed/patches/rgb/1_r0512_c0640_rot90.png,640,512,256
1,sih1733,train,data/processed/patches/sar/1_r0512_c0640_rot180.png,data/processed/patches/rgb/1_r0512_c0640_rot180.png,640,512,256
1,sih1733,train,data/processed/patches/sar/1_r0512_c0640_rot270.png,data/processed/patches/rgb/1_r0512_c0640_rot270.png,640,512,256
1,sih1733,train,data/processed/patches/sar/1_r0512_c0768_orig.png,data/processed/patches/rgb/1_r0512_c0768_orig.png,768,512,256
1,sih1733,train,data/processed/patches/sar/1_r0512_c0768_fliph.png,data/processed/patches/rgb/1_r0512_c0768_fliph.png,768,512,256
1,sih1733,train,data/processed/patches/sar/1_r0512_c0768_flipv.png,data/processed/patches/rgb/1_r0512_c0768_flipv.png,768,512,256
1,sih1733,train,data/processed/patches/sar/1_r0512_c0768_rot90.png,data/processed/patches/rgb/1_r0512_c0768_rot90.png,768,512,256
1,sih1733,train,data/processed/patches/sar/1_r0512_c0768_rot180.png,data/processed/patches/rgb/1_r0512_c0768_rot180.png,768,512,256
1,sih1733,train,data/processed/patches/sar/1_r0512_c0768_rot270.png,data/processed/patches/rgb/1_r0512_c0768_rot270.png,768,512,256
1,sih1733,train,data/processed/patches/sar/1_r0512_c0896_orig.png,data/processed/patches/rgb/1_r0512_c0896_orig.png,896,512,256
1,sih1733,train,data/processed/patches/sar/1_r0512_c0896_fliph.png,data/processed/patches/rgb/1_r0512_c0896_fliph.png,896,512,256
1,sih1733,train,data/processed/patches/sar/1_r0512_c0896_flipv.png,data/processed/patches/rgb/1_r0512_c0896_flipv.png,896,512,256
1,sih1733,train,data/processed/patches/sar/1_r0512_c0896_rot90.png,data/processed/patches/rgb/1_r0512_c0896_rot90.png,896,512,256
1,sih1733,train,data/processed/patches/sar/1_r0512_c0896_rot180.png,data/processed/patches/rgb/1_r0512_c0896_rot180.png,896,512,256
1,sih1733,train,data/processed/patches/sar/1_r0512_c0896_rot270.png,data/processed/patches/rgb/1_r0512_c0896_rot270.png,896,512,256
1,sih1733,train,data/processed/patches/sar/1_r0512_c1024_orig.png,data/processed/patches/rgb/1_r0512_c1024_orig.png,1024,512,256
1,sih1733,train,data/processed/patches/sar/1_r0512_c1024_fliph.png,data/processed/patches/rgb/1_r0512_c1024_fliph.png,1024,512,256
1,sih1733,train,data/processed/patches/sar/1_r0512_c1024_flipv.png,data/processed/patches/rgb/1_r0512_c1024_flipv.png,1024,512,256
1,sih1733,train,data/processed/patches/sar/1_r0512_c1024_rot90.png,data/processed/patches/rgb/1_r0512_c1024_rot90.png,1024,512,256
1,sih1733,train,data/processed/patches/sar/1_r0512_c1024_rot180.png,data/processed/patches/rgb/1_r0512_c1024_rot180.png,1024,512,256
1,sih1733,train,data/processed/patches/sar/1_r0512_c1024_rot270.png,data/processed/patches/rgb/1_r0512_c1024_rot270.png,1024,512,256
1,sih1733,train,data/processed/patches/sar/1_r0512_c1152_orig.png,data/processed/patches/rgb/1_r0512_c1152_orig.png,1152,512,256
1,sih1733,train,data/processed/patches/sar/1_r0512_c1152_fliph.png,data/processed/patches/rgb/1_r0512_c1152_fliph.png,1152,512,256
1,sih1733,train,data/processed/patches/sar/1_r0512_c1152_flipv.png,data/processed/patches/rgb/1_r0512_c1152_flipv.png,1152,512,256
1,sih1733,train,data/processed/patches/sar/1_r0512_c1152_rot90.png,data/processed/patches/rgb/1_r0512_c1152_rot90.png,1152,512,256
1,sih1733,train,data/processed/patches/sar/1_r0512_c1152_rot180.png,data/processed/patches/rgb/1_r0512_c1152_rot180.png,1152,512,256
1,sih1733,train,data/processed/patches/sar/1_r0512_c1152_rot270.png,data/processed/patches/rgb/1_r0512_c1152_rot270.png,1152,512,256
1,sih1733,train,data/processed/patches/sar/1_r0512_c1280_orig.png,data/processed/patches/rgb/1_r0512_c1280_orig.png,1280,512,256
1,sih1733,train,data/processed/patches/sar/1_r0512_c1280_fliph.png,data/processed/patches/rgb/1_r0512_c1280_fliph.png,1280,512,256
1,sih1733,train,data/processed/patches/sar/1_r0512_c1280_flipv.png,data/processed/patches/rgb/1_r0512_c1280_flipv.png,1280,512,256
1,sih1733,train,data/processed/patches/sar/1_r0512_c1280_rot90.png,data/processed/patches/rgb/1_r0512_c1280_rot90.png,1280,512,256
1,sih1733,train,data/processed/patches/sar/1_r0512_c1280_rot180.png,data/processed/patches/rgb/1_r0512_c1280_rot180.png,1280,512,256
1,sih1733,train,data/processed/patches/sar/1_r0512_c1280_rot270.png,data/processed/patches/rgb/1_r0512_c1280_rot270.png,1280,512,256
1,sih1733,train,data/processed/patches/sar/1_r0512_c1408_orig.png,data/processed/patches/rgb/1_r0512_c1408_orig.png,1408,512,256
1,sih1733,train,data/processed/patches/sar/1_r0512_c1408_fliph.png,data/processed/patches/rgb/1_r0512_c1408_fliph.png,1408,512,256
1,sih1733,train,data/processed/patches/sar/1_r0512_c1408_flipv.png,data/processed/patches/rgb/1_r0512_c1408_flipv.png,1408,512,256
1,sih1733,train,data/processed/patches/sar/1_r0512_c1408_rot90.png,data/processed/patches/rgb/1_r0512_c1408_rot90.png,1408,512,256
1,sih1733,train,data/processed/patches/sar/1_r0512_c1408_rot180.png,data/processed/patches/rgb/1_r0512_c1408_rot180.png,1408,512,256
1,sih1733,train,data/processed/patches/sar/1_r0512_c1408_rot270.png,data/processed/patches/rgb/1_r0512_c1408_rot270.png,1408,512,256
1,sih1733,train,data/processed/patches/sar/1_r0512_c1536_orig.png,data/processed/patches/rgb/1_r0512_c1536_orig.png,1536,512,256
1,sih1733,train,data/processed/patches/sar/1_r0512_c1536_fliph.png,data/processed/patches/rgb/1_r0512_c1536_fliph.png,1536,512,256
1,sih1733,train,data/processed/patches/sar/1_r0512_c1536_flipv.png,data/processed/patches/rgb/1_r0512_c1536_flipv.png,1536,512,256
1,sih1733,train,data/processed/patches/sar/1_r0512_c1536_rot90.png,data/processed/patches/rgb/1_r0512_c1536_rot90.png,1536,512,256
1,sih1733,train,data/processed/patches/sar/1_r0512_c1536_rot180.png,data/processed/patches/rgb/1_r0512_c1536_rot180.png,1536,512,256
1,sih1733,train,data/processed/patches/sar/1_r0512_c1536_rot270.png,data/processed/patches/rgb/1_r0512_c1536_rot270.png,1536,512,256
1,sih1733,train,data/processed/patches/sar/1_r0512_c1664_orig.png,data/processed/patches/rgb/1_r0512_c1664_orig.png,1664,512,256
1,sih1733,train,data/processed/patches/sar/1_r0512_c1664_fliph.png,data/processed/patches/rgb/1_r0512_c1664_fliph.png,1664,512,256
1,sih1733,train,data/processed/patches/sar/1_r0512_c1664_flipv.png,data/processed/patches/rgb/1_r0512_c1664_flipv.png,1664,512,256
1,sih1733,train,data/processed/patches/sar/1_r0512_c1664_rot90.png,data/processed/patches/rgb/1_r0512_c1664_rot90.png,1664,512,256
1,sih1733,train,data/processed/patches/sar/1_r0512_c1664_rot180.png,data/processed/patches/rgb/1_r0512_c1664_rot180.png,1664,512,256
1,sih1733,train,data/processed/patches/sar/1_r0512_c1664_rot270.png,data/processed/patches/rgb/1_r0512_c1664_rot270.png,1664,512,256
1,sih1733,train,data/processed/patches/sar/1_r0512_c1792_orig.png,data/processed/patches/rgb/1_r0512_c1792_orig.png,1792,512,256
1,sih1733,train,data/processed/patches/sar/1_r0512_c1792_fliph.png,data/processed/patches/rgb/1_r0512_c1792_fliph.png,1792,512,256
1,sih1733,train,data/processed/patches/sar/1_r0512_c1792_flipv.png,data/processed/patches/rgb/1_r0512_c1792_flipv.png,1792,512,256
1,sih1733,train,data/processed/patches/sar/1_r0512_c1792_rot90.png,data/processed/patches/rgb/1_r0512_c1792_rot90.png,1792,512,256
1,sih1733,train,data/processed/patches/sar/1_r0512_c1792_rot180.png,data/processed/patches/rgb/1_r0512_c1792_rot180.png,1792,512,256
1,sih1733,train,data/processed/patches/sar/1_r0512_c1792_rot270.png,data/processed/patches/rgb/1_r0512_c1792_rot270.png,1792,512,256
1,sih1733,train,data/processed/patches/sar/1_r0512_c1920_orig.png,data/processed/patches/rgb/1_r0512_c1920_orig.png,1920,512,256
1,sih1733,train,data/processed/patches/sar/1_r0512_c1920_fliph.png,data/processed/patches/rgb/1_r0512_c1920_fliph.png,1920,512,256
1,sih1733,train,data/processed/patches/sar/1_r0512_c1920_flipv.png,data/processed/patches/rgb/1_r0512_c1920_flipv.png,1920,512,256
1,sih1733,train,data/processed/patches/sar/1_r0512_c1920_rot90.png,data/processed/patches/rgb/1_r0512_c1920_rot90.png,1920,512,256
1,sih1733,train,data/processed/patches/sar/1_r0512_c1920_rot180.png,data/processed/patches/rgb/1_r0512_c1920_rot180.png,1920,512,256
1,sih1733,train,data/processed/patches/sar/1_r0512_c1920_rot270.png,data/processed/patches/rgb/1_r0512_c1920_rot270.png,1920,512,256
1,sih1733,train,data/processed/patches/sar/1_r0512_c2048_orig.png,data/processed/patches/rgb/1_r0512_c2048_orig.png,2048,512,256
1,sih1733,train,data/processed/patches/sar/1_r0512_c2048_fliph.png,data/processed/patches/rgb/1_r0512_c2048_fliph.png,2048,512,256
1,sih1733,train,data/processed/patches/sar/1_r0512_c2048_flipv.png,data/processed/patches/rgb/1_r0512_c2048_flipv.png,2048,512,256
1,sih1733,train,data/processed/patches/sar/1_r0512_c2048_rot90.png,data/processed/patches/rgb/1_r0512_c2048_rot90.png,2048,512,256
1,sih1733,train,data/processed/patches/sar/1_r0512_c2048_rot180.png,data/processed/patches/rgb/1_r0512_c2048_rot180.png,2048,512,256
1,sih1733,train,data/processed/patches/sar/1_r0512_c2048_rot270.png,data/processed/patches/rgb/1_r0512_c2048_rot270.png,2048,512,256
1,sih1733,train,data/processed/patches/sar/1_r0512_c2176_orig.png,data/processed/patches/rgb/1_r0512_c2176_orig.png,2176,512,256
1,sih1733,train,data/processed/patches/sar/1_r0512_c2176_fliph.png,data/processed/patches/rgb/1_r0512_c2176_fliph.png,2176,512,256
1,sih1733,train,data/processed/patches/sar/1_r0512_c2176_flipv.png,data/processed/patches/rgb/1_r0512_c2176_flipv.png,2176,512,256
1,sih1733,train,data/processed/patches/sar/1_r0512_c2176_rot90.png,data/processed/patches/rgb/1_r0512_c2176_rot90.png,2176,512,256
1,sih1733,train,data/processed/patches/sar/1_r0512_c2176_rot180.png,data/processed/patches/rgb/1_r0512_c2176_rot180.png,2176,512,256
1,sih1733,train,data/processed/patches/sar/1_r0512_c2176_rot270.png,data/processed/patches/rgb/1_r0512_c2176_rot270.png,2176,512,256
1,sih1733,train,data/processed/patches/sar/1_r0640_c0000_orig.png,data/processed/patches/rgb/1_r0640_c0000_orig.png,0,640,256
1,sih1733,train,data/processed/patches/sar/1_r0640_c0000_fliph.png,data/processed/patches/rgb/1_r0640_c0000_fliph.png,0,640,256
1,sih1733,train,data/processed/patches/sar/1_r0640_c0000_flipv.png,data/processed/patches/rgb/1_r0640_c0000_flipv.png,0,640,256
1,sih1733,train,data/processed/patches/sar/1_r0640_c0000_rot90.png,data/processed/patches/rgb/1_r0640_c0000_rot90.png,0,640,256
1,sih1733,train,data/processed/patches/sar/1_r0640_c0000_rot180.png,data/processed/patches/rgb/1_r0640_c0000_rot180.png,0,640,256
1,sih1733,train,data/processed/patches/sar/1_r0640_c0000_rot270.png,data/processed/patches/rgb/1_r0640_c0000_rot270.png,0,640,256
1,sih1733,train,data/processed/patches/sar/1_r0640_c0128_orig.png,data/processed/patches/rgb/1_r0640_c0128_orig.png,128,640,256
1,sih1733,train,data/processed/patches/sar/1_r0640_c0128_fliph.png,data/processed/patches/rgb/1_r0640_c0128_fliph.png,128,640,256
1,sih1733,train,data/processed/patches/sar/1_r0640_c0128_flipv.png,data/processed/patches/rgb/1_r0640_c0128_flipv.png,128,640,256
1,sih1733,train,data/processed/patches/sar/1_r0640_c0128_rot90.png,data/processed/patches/rgb/1_r0640_c0128_rot90.png,128,640,256
1,sih1733,train,data/processed/patches/sar/1_r0640_c0128_rot180.png,data/processed/patches/rgb/1_r0640_c0128_rot180.png,128,640,256
1,sih1733,train,data/processed/patches/sar/1_r0640_c0128_rot270.png,data/processed/patches/rgb/1_r0640_c0128_rot270.png,128,640,256
1,sih1733,train,data/processed/patches/sar/1_r0640_c0256_orig.png,data/processed/patches/rgb/1_r0640_c0256_orig.png,256,640,256
1,sih1733,train,data/processed/patches/sar/1_r0640_c0256_fliph.png,data/processed/patches/rgb/1_r0640_c0256_fliph.png,256,640,256
1,sih1733,train,data/processed/patches/sar/1_r0640_c0256_flipv.png,data/processed/patches/rgb/1_r0640_c0256_flipv.png,256,640,256
1,sih1733,train,data/processed/patches/sar/1_r0640_c0256_rot90.png,data/processed/patches/rgb/1_r0640_c0256_rot90.png,256,640,256
1,sih1733,train,data/processed/patches/sar/1_r0640_c0256_rot180.png,data/processed/patches/rgb/1_r0640_c0256_rot180.png,256,640,256
1,sih1733,train,data/processed/patches/sar/1_r0640_c0256_rot270.png,data/processed/patches/rgb/1_r0640_c0256_rot270.png,256,640,256
1,sih1733,train,data/processed/patches/sar/1_r0640_c0384_orig.png,data/processed/patches/rgb/1_r0640_c0384_orig.png,384,640,256
1,sih1733,train,data/processed/patches/sar/1_r0640_c0384_fliph.png,data/processed/patches/rgb/1_r0640_c0384_fliph.png,384,640,256
1,sih1733,train,data/processed/patches/sar/1_r0640_c0384_flipv.png,data/processed/patches/rgb/1_r0640_c0384_flipv.png,384,640,256
1,sih1733,train,data/processed/patches/sar/1_r0640_c0384_rot90.png,data/processed/patches/rgb/1_r0640_c0384_rot90.png,384,640,256
1,sih1733,train,data/processed/patches/sar/1_r0640_c0384_rot180.png,data/processed/patches/rgb/1_r0640_c0384_rot180.png,384,640,256
1,sih1733,train,data/processed/patches/sar/1_r0640_c0384_rot270.png,data/processed/patches/rgb/1_r0640_c0384_rot270.png,384,640,256
1,sih1733,train,data/processed/patches/sar/1_r0640_c0512_orig.png,data/processed/patches/rgb/1_r0640_c0512_orig.png,512,640,256
1,sih1733,train,data/processed/patches/sar/1_r0640_c0512_fliph.png,data/processed/patches/rgb/1_r0640_c0512_fliph.png,512,640,256
1,sih1733,train,data/processed/patches/sar/1_r0640_c0512_flipv.png,data/processed/patches/rgb/1_r0640_c0512_flipv.png,512,640,256
1,sih1733,train,data/processed/patches/sar/1_r0640_c0512_rot90.png,data/processed/patches/rgb/1_r0640_c0512_rot90.png,512,640,256
1,sih1733,train,data/processed/patches/sar/1_r0640_c0512_rot180.png,data/processed/patches/rgb/1_r0640_c0512_rot180.png,512,640,256
1,sih1733,train,data/processed/patches/sar/1_r0640_c0512_rot270.png,data/processed/patches/rgb/1_r0640_c0512_rot270.png,512,640,256
1,sih1733,train,data/processed/patches/sar/1_r0640_c0640_orig.png,data/processed/patches/rgb/1_r0640_c0640_orig.png,640,640,256
1,sih1733,train,data/processed/patches/sar/1_r0640_c0640_fliph.png,data/processed/patches/rgb/1_r0640_c0640_fliph.png,640,640,256
1,sih1733,train,data/processed/patches/sar/1_r0640_c0640_flipv.png,data/processed/patches/rgb/1_r0640_c0640_flipv.png,640,640,256
1,sih1733,train,data/processed/patches/sar/1_r0640_c0640_rot90.png,data/processed/patches/rgb/1_r0640_c0640_rot90.png,640,640,256
1,sih1733,train,data/processed/patches/sar/1_r0640_c0640_rot180.png,data/processed/patches/rgb/1_r0640_c0640_rot180.png,640,640,256
1,sih1733,train,data/processed/patches/sar/1_r0640_c0640_rot270.png,data/processed/patches/rgb/1_r0640_c0640_rot270.png,640,640,256
1,sih1733,train,data/processed/patches/sar/1_r0640_c0768_orig.png,data/processed/patches/rgb/1_r0640_c0768_orig.png,768,640,256
1,sih1733,train,data/processed/patches/sar/1_r0640_c0768_fliph.png,data/processed/patches/rgb/1_r0640_c0768_fliph.png,768,640,256
1,sih1733,train,data/processed/patches/sar/1_r0640_c0768_flipv.png,data/processed/patches/rgb/1_r0640_c0768_flipv.png,768,640,256
1,sih1733,train,data/processed/patches/sar/1_r0640_c0768_rot90.png,data/processed/patches/rgb/1_r0640_c0768_rot90.png,768,640,256
1,sih1733,train,data/processed/patches/sar/1_r0640_c0768_rot180.png,data/processed/patches/rgb/1_r0640_c0768_rot180.png,768,640,256
1,sih1733,train,data/processed/patches/sar/1_r0640_c0768_rot270.png,data/processed/patches/rgb/1_r0640_c0768_rot270.png,768,640,256
1,sih1733,train,data/processed/patches/sar/1_r0640_c0896_orig.png,data/processed/patches/rgb/1_r0640_c0896_orig.png,896,640,256
1,sih1733,train,data/processed/patches/sar/1_r0640_c0896_fliph.png,data/processed/patches/rgb/1_r0640_c0896_fliph.png,896,640,256
1,sih1733,train,data/processed/patches/sar/1_r0640_c0896_flipv.png,data/processed/patches/rgb/1_r0640_c0896_flipv.png,896,640,256
1,sih1733,train,data/processed/patches/sar/1_r0640_c0896_rot90.png,data/processed/patches/rgb/1_r0640_c0896_rot90.png,896,640,256
1,sih1733,train,data/processed/patches/sar/1_r0640_c0896_rot180.png,data/processed/patches/rgb/1_r0640_c0896_rot180.png,896,640,256
1,sih1733,train,data/processed/patches/sar/1_r0640_c0896_rot270.png,data/processed/patches/rgb/1_r0640_c0896_rot270.png,896,640,256
1,sih1733,train,data/processed/patches/sar/1_r0640_c1024_orig.png,data/processed/patches/rgb/1_r0640_c1024_orig.png,1024,640,256
1,sih1733,train,data/processed/patches/sar/1_r0640_c1024_fliph.png,data/processed/patches/rgb/1_r0640_c1024_fliph.png,1024,640,256
1,sih1733,train,data/processed/patches/sar/1_r0640_c1024_flipv.png,data/processed/patches/rgb/1_r0640_c1024_flipv.png,1024,640,256
1,sih1733,train,data/processed/patches/sar/1_r0640_c1024_rot90.png,data/processed/patches/rgb/1_r0640_c1024_rot90.png,1024,640,256
1,sih1733,train,data/processed/patches/sar/1_r0640_c1024_rot180.png,data/processed/patches/rgb/1_r0640_c1024_rot180.png,1024,640,256
1,sih1733,train,data/processed/patches/sar/1_r0640_c1024_rot270.png,data/processed/patches/rgb/1_r0640_c1024_rot270.png,1024,640,256
1,sih1733,train,data/processed/patches/sar/1_r0640_c1152_orig.png,data/processed/patches/rgb/1_r0640_c1152_orig.png,1152,640,256
1,sih1733,train,data/processed/patches/sar/1_r0640_c1152_fliph.png,data/processed/patches/rgb/1_r0640_c1152_fliph.png,1152,640,256
1,sih1733,train,data/processed/patches/sar/1_r0640_c1152_flipv.png,data/processed/patches/rgb/1_r0640_c1152_flipv.png,1152,640,256
1,sih1733,train,data/processed/patches/sar/1_r0640_c1152_rot90.png,data/processed/patches/rgb/1_r0640_c1152_rot90.png,1152,640,256
1,sih1733,train,data/processed/patches/sar/1_r0640_c1152_rot180.png,data/processed/patches/rgb/1_r0640_c1152_rot180.png,1152,640,256
1,sih1733,train,data/processed/patches/sar/1_r0640_c1152_rot270.png,data/processed/patches/rgb/1_r0640_c1152_rot270.png,1152,640,256
1,sih1733,train,data/processed/patches/sar/1_r0640_c1280_orig.png,data/processed/patches/rgb/1_r0640_c1280_orig.png,1280,640,256
1,sih1733,train,data/processed/patches/sar/1_r0640_c1280_fliph.png,data/processed/patches/rgb/1_r0640_c1280_fliph.png,1280,640,256
1,sih1733,train,data/processed/patches/sar/1_r0640_c1280_flipv.png,data/processed/patches/rgb/1_r0640_c1280_flipv.png,1280,640,256
1,sih1733,train,data/processed/patches/sar/1_r0640_c1280_rot90.png,data/processed/patches/rgb/1_r0640_c1280_rot90.png,1280,640,256
1,sih1733,train,data/processed/patches/sar/1_r0640_c1280_rot180.png,data/processed/patches/rgb/1_r0640_c1280_rot180.png,1280,640,256
1,sih1733,train,data/processed/patches/sar/1_r0640_c1280_rot270.png,data/processed/patches/rgb/1_r0640_c1280_rot270.png,1280,640,256
1,sih1733,train,data/processed/patches/sar/1_r0640_c1408_orig.png,data/processed/patches/rgb/1_r0640_c1408_orig.png,1408,640,256
1,sih1733,train,data/processed/patches/sar/1_r0640_c1408_fliph.png,data/processed/patches/rgb/1_r0640_c1408_fliph.png,1408,640,256
1,sih1733,train,data/processed/patches/sar/1_r0640_c1408_flipv.png,data/processed/patches/rgb/1_r0640_c1408_flipv.png,1408,640,256
1,sih1733,train,data/processed/patches/sar/1_r0640_c1408_rot90.png,data/processed/patches/rgb/1_r0640_c1408_rot90.png,1408,640,256
1,sih1733,train,data/processed/patches/sar/1_r0640_c1408_rot180.png,data/processed/patches/rgb/1_r0640_c1408_rot180.png,1408,640,256
1,sih1733,train,data/processed/patches/sar/1_r0640_c1408_rot270.png,data/processed/patches/rgb/1_r0640_c1408_rot270.png,1408,640,256
1,sih1733,train,data/processed/patches/sar/1_r0640_c1536_orig.png,data/processed/patches/rgb/1_r0640_c1536_orig.png,1536,640,256
1,sih1733,train,data/processed/patches/sar/1_r0640_c1536_fliph.png,data/processed/patches/rgb/1_r0640_c1536_fliph.png,1536,640,256
1,sih1733,train,data/processed/patches/sar/1_r0640_c1536_flipv.png,data/processed/patches/rgb/1_r0640_c1536_flipv.png,1536,640,256
1,sih1733,train,data/processed/patches/sar/1_r0640_c1536_rot90.png,data/processed/patches/rgb/1_r0640_c1536_rot90.png,1536,640,256
1,sih1733,train,data/processed/patches/sar/1_r0640_c1536_rot180.png,data/processed/patches/rgb/1_r0640_c1536_rot180.png,1536,640,256
1,sih1733,train,data/processed/patches/sar/1_r0640_c1536_rot270.png,data/processed/patches/rgb/1_r0640_c1536_rot270.png,1536,640,256
1,sih1733,train,data/processed/patches/sar/1_r0640_c1664_orig.png,data/processed/patches/rgb/1_r0640_c1664_orig.png,1664,640,256
1,sih1733,train,data/processed/patches/sar/1_r0640_c1664_fliph.png,data/processed/patches/rgb/1_r0640_c1664_fliph.png,1664,640,256
1,sih1733,train,data/processed/patches/sar/1_r0640_c1664_flipv.png,data/processed/patches/rgb/1_r0640_c1664_flipv.png,1664,640,256
1,sih1733,train,data/processed/patches/sar/1_r0640_c1664_rot90.png,data/processed/patches/rgb/1_r0640_c1664_rot90.png,1664,640,256
1,sih1733,train,data/processed/patches/sar/1_r0640_c1664_rot180.png,data/processed/patches/rgb/1_r0640_c1664_rot180.png,1664,640,256
1,sih1733,train,data/processed/patches/sar/1_r0640_c1664_rot270.png,data/processed/patches/rgb/1_r0640_c1664_rot270.png,1664,640,256
1,sih1733,train,data/processed/patches/sar/1_r0640_c1792_orig.png,data/processed/patches/rgb/1_r0640_c1792_orig.png,1792,640,256
1,sih1733,train,data/processed/patches/sar/1_r0640_c1792_fliph.png,data/processed/patches/rgb/1_r0640_c1792_fliph.png,1792,640,256
1,sih1733,train,data/processed/patches/sar/1_r0640_c1792_flipv.png,data/processed/patches/rgb/1_r0640_c1792_flipv.png,1792,640,256
1,sih1733,train,data/processed/patches/sar/1_r0640_c1792_rot90.png,data/processed/patches/rgb/1_r0640_c1792_rot90.png,1792,640,256
1,sih1733,train,data/processed/patches/sar/1_r0640_c1792_rot180.png,data/processed/patches/rgb/1_r0640_c1792_rot180.png,1792,640,256
1,sih1733,train,data/processed/patches/sar/1_r0640_c1792_rot270.png,data/processed/patches/rgb/1_r0640_c1792_rot270.png,1792,640,256
1,sih1733,train,data/processed/patches/sar/1_r0640_c1920_orig.png,data/processed/patches/rgb/1_r0640_c1920_orig.png,1920,640,256
1,sih1733,train,data/processed/patches/sar/1_r0640_c1920_fliph.png,data/processed/patches/rgb/1_r0640_c1920_fliph.png,1920,640,256
1,sih1733,train,data/processed/patches/sar/1_r0640_c1920_flipv.png,data/processed/patches/rgb/1_r0640_c1920_flipv.png,1920,640,256
1,sih1733,train,data/processed/patches/sar/1_r0640_c1920_rot90.png,data/processed/patches/rgb/1_r0640_c1920_rot90.png,1920,640,256
1,sih1733,train,data/processed/patches/sar/1_r0640_c1920_rot180.png,data/processed/patches/rgb/1_r0640_c1920_rot180.png,1920,640,256
1,sih1733,train,data/processed/patches/sar/1_r0640_c1920_rot270.png,data/processed/patches/rgb/1_r0640_c1920_rot270.png,1920,640,256
1,sih1733,train,data/processed/patches/sar/1_r0640_c2048_orig.png,data/processed/patches/rgb/1_r0640_c2048_orig.png,2048,640,256
1,sih1733,train,data/processed/patches/sar/1_r0640_c2048_fliph.png,data/processed/patches/rgb/1_r0640_c2048_fliph.png,2048,640,256
1,sih1733,train,data/processed/patches/sar/1_r0640_c2048_flipv.png,data/processed/patches/rgb/1_r0640_c2048_flipv.png,2048,640,256
1,sih1733,train,data/processed/patches/sar/1_r0640_c2048_rot90.png,data/processed/patches/rgb/1_r0640_c2048_rot90.png,2048,640,256
1,sih1733,train,data/processed/patches/sar/1_r0640_c2048_rot180.png,data/processed/patches/rgb/1_r0640_c2048_rot180.png,2048,640,256
1,sih1733,train,data/processed/patches/sar/1_r0640_c2048_rot270.png,data/processed/patches/rgb/1_r0640_c2048_rot270.png,2048,640,256
1,sih1733,train,data/processed/patches/sar/1_r0640_c2176_orig.png,data/processed/patches/rgb/1_r0640_c2176_orig.png,2176,640,256
1,sih1733,train,data/processed/patches/sar/1_r0640_c2176_fliph.png,data/processed/patches/rgb/1_r0640_c2176_fliph.png,2176,640,256
1,sih1733,train,data/processed/patches/sar/1_r0640_c2176_flipv.png,data/processed/patches/rgb/1_r0640_c2176_flipv.png,2176,640,256
1,sih1733,train,data/processed/patches/sar/1_r0640_c2176_rot90.png,data/processed/patches/rgb/1_r0640_c2176_rot90.png,2176,640,256
1,sih1733,train,data/processed/patches/sar/1_r0640_c2176_rot180.png,data/processed/patches/rgb/1_r0640_c2176_rot180.png,2176,640,256
1,sih1733,train,data/processed/patches/sar/1_r0640_c2176_rot270.png,data/processed/patches/rgb/1_r0640_c2176_rot270.png,2176,640,256
1,sih1733,train,data/processed/patches/sar/1_r0768_c0000_orig.png,data/processed/patches/rgb/1_r0768_c0000_orig.png,0,768,256
1,sih1733,train,data/processed/patches/sar/1_r0768_c0000_fliph.png,data/processed/patches/rgb/1_r0768_c0000_fliph.png,0,768,256
1,sih1733,train,data/processed/patches/sar/1_r0768_c0000_flipv.png,data/processed/patches/rgb/1_r0768_c0000_flipv.png,0,768,256
1,sih1733,train,data/processed/patches/sar/1_r0768_c0000_rot90.png,data/processed/patches/rgb/1_r0768_c0000_rot90.png,0,768,256
1,sih1733,train,data/processed/patches/sar/1_r0768_c0000_rot180.png,data/processed/patches/rgb/1_r0768_c0000_rot180.png,0,768,256
1,sih1733,train,data/processed/patches/sar/1_r0768_c0000_rot270.png,data/processed/patches/rgb/1_r0768_c0000_rot270.png,0,768,256
1,sih1733,train,data/processed/patches/sar/1_r0768_c0128_orig.png,data/processed/patches/rgb/1_r0768_c0128_orig.png,128,768,256
1,sih1733,train,data/processed/patches/sar/1_r0768_c0128_fliph.png,data/processed/patches/rgb/1_r0768_c0128_fliph.png,128,768,256
1,sih1733,train,data/processed/patches/sar/1_r0768_c0128_flipv.png,data/processed/patches/rgb/1_r0768_c0128_flipv.png,128,768,256
1,sih1733,train,data/processed/patches/sar/1_r0768_c0128_rot90.png,data/processed/patches/rgb/1_r0768_c0128_rot90.png,128,768,256
1,sih1733,train,data/processed/patches/sar/1_r0768_c0128_rot180.png,data/processed/patches/rgb/1_r0768_c0128_rot180.png,128,768,256
1,sih1733,train,data/processed/patches/sar/1_r0768_c0128_rot270.png,data/processed/patches/rgb/1_r0768_c0128_rot270.png,128,768,256
1,sih1733,train,data/processed/patches/sar/1_r0768_c0256_orig.png,data/processed/patches/rgb/1_r0768_c0256_orig.png,256,768,256
1,sih1733,train,data/processed/patches/sar/1_r0768_c0256_fliph.png,data/processed/patches/rgb/1_r0768_c0256_fliph.png,256,768,256
1,sih1733,train,data/processed/patches/sar/1_r0768_c0256_flipv.png,data/processed/patches/rgb/1_r0768_c0256_flipv.png,256,768,256
1,sih1733,train,data/processed/patches/sar/1_r0768_c0256_rot90.png,data/processed/patches/rgb/1_r0768_c0256_rot90.png,256,768,256
1,sih1733,train,data/processed/patches/sar/1_r0768_c0256_rot180.png,data/processed/patches/rgb/1_r0768_c0256_rot180.png,256,768,256
1,sih1733,train,data/processed/patches/sar/1_r0768_c0256_rot270.png,data/processed/patches/rgb/1_r0768_c0256_rot270.png,256,768,256
1,sih1733,train,data/processed/patches/sar/1_r0768_c0384_orig.png,data/processed/patches/rgb/1_r0768_c0384_orig.png,384,768,256
1,sih1733,train,data/processed/patches/sar/1_r0768_c0384_fliph.png,data/processed/patches/rgb/1_r0768_c0384_fliph.png,384,768,256
1,sih1733,train,data/processed/patches/sar/1_r0768_c0384_flipv.png,data/processed/patches/rgb/1_r0768_c0384_flipv.png,384,768,256
1,sih1733,train,data/processed/patches/sar/1_r0768_c0384_rot90.png,data/processed/patches/rgb/1_r0768_c0384_rot90.png,384,768,256
1,sih1733,train,data/processed/patches/sar/1_r0768_c0384_rot180.png,data/processed/patches/rgb/1_r0768_c0384_rot180.png,384,768,256
1,sih1733,train,data/processed/patches/sar/1_r0768_c0384_rot270.png,data/processed/patches/rgb/1_r0768_c0384_rot270.png,384,768,256
1,sih1733,train,data/processed/patches/sar/1_r0768_c0512_orig.png,data/processed/patches/rgb/1_r0768_c0512_orig.png,512,768,256
1,sih1733,train,data/processed/patches/sar/1_r0768_c0512_fliph.png,data/processed/patches/rgb/1_r0768_c0512_fliph.png,512,768,256
1,sih1733,train,data/processed/patches/sar/1_r0768_c0512_flipv.png,data/processed/patches/rgb/1_r0768_c0512_flipv.png,512,768,256
1,sih1733,train,data/processed/patches/sar/1_r0768_c0512_rot90.png,data/processed/patches/rgb/1_r0768_c0512_rot90.png,512,768,256
1,sih1733,train,data/processed/patches/sar/1_r0768_c0512_rot180.png,data/processed/patches/rgb/1_r0768_c0512_rot180.png,512,768,256
1,sih1733,train,data/processed/patches/sar/1_r0768_c0512_rot270.png,data/processed/patches/rgb/1_r0768_c0512_rot270.png,512,768,256
1,sih1733,train,data/processed/patches/sar/1_r0768_c0640_orig.png,data/processed/patches/rgb/1_r0768_c0640_orig.png,640,768,256
1,sih1733,train,data/processed/patches/sar/1_r0768_c0640_fliph.png,data/processed/patches/rgb/1_r0768_c0640_fliph.png,640,768,256
1,sih1733,train,data/processed/patches/sar/1_r0768_c0640_flipv.png,data/processed/patches/rgb/1_r0768_c0640_flipv.png,640,768,256
1,sih1733,train,data/processed/patches/sar/1_r0768_c0640_rot90.png,data/processed/patches/rgb/1_r0768_c0640_rot90.png,640,768,256
1,sih1733,train,data/processed/patches/sar/1_r0768_c0640_rot180.png,data/processed/patches/rgb/1_r0768_c0640_rot180.png,640,768,256
1,sih1733,train,data/processed/patches/sar/1_r0768_c0640_rot270.png,data/processed/patches/rgb/1_r0768_c0640_rot270.png,640,768,256
1,sih1733,train,data/processed/patches/sar/1_r0768_c0768_orig.png,data/processed/patches/rgb/1_r0768_c0768_orig.png,768,768,256
1,sih1733,train,data/processed/patches/sar/1_r0768_c0768_fliph.png,data/processed/patches/rgb/1_r0768_c0768_fliph.png,768,768,256
1,sih1733,train,data/processed/patches/sar/1_r0768_c0768_flipv.png,data/processed/patches/rgb/1_r0768_c0768_flipv.png,768,768,256
1,sih1733,train,data/processed/patches/sar/1_r0768_c0768_rot90.png,data/processed/patches/rgb/1_r0768_c0768_rot90.png,768,768,256
1,sih1733,train,data/processed/patches/sar/1_r0768_c0768_rot180.png,data/processed/patches/rgb/1_r0768_c0768_rot180.png,768,768,256
1,sih1733,train,data/processed/patches/sar/1_r0768_c0768_rot270.png,data/processed/patches/rgb/1_r0768_c0768_rot270.png,768,768,256
1,sih1733,train,data/processed/patches/sar/1_r0768_c0896_orig.png,data/processed/patches/rgb/1_r0768_c0896_orig.png,896,768,256
1,sih1733,train,data/processed/patches/sar/1_r0768_c0896_fliph.png,data/processed/patches/rgb/1_r0768_c0896_fliph.png,896,768,256
1,sih1733,train,data/processed/patches/sar/1_r0768_c0896_flipv.png,data/processed/patches/rgb/1_r0768_c0896_flipv.png,896,768,256
1,sih1733,train,data/processed/patches/sar/1_r0768_c0896_rot90.png,data/processed/patches/rgb/1_r0768_c0896_rot90.png,896,768,256
1,sih1733,train,data/processed/patches/sar/1_r0768_c0896_rot180.png,data/processed/patches/rgb/1_r0768_c0896_rot180.png,896,768,256
1,sih1733,train,data/processed/patches/sar/1_r0768_c0896_rot270.png,data/processed/patches/rgb/1_r0768_c0896_rot270.png,896,768,256
1,sih1733,train,data/processed/patches/sar/1_r0768_c1024_orig.png,data/processed/patches/rgb/1_r0768_c1024_orig.png,1024,768,256
1,sih1733,train,data/processed/patches/sar/1_r0768_c1024_fliph.png,data/processed/patches/rgb/1_r0768_c1024_fliph.png,1024,768,256
1,sih1733,train,data/processed/patches/sar/1_r0768_c1024_flipv.png,data/processed/patches/rgb/1_r0768_c1024_flipv.png,1024,768,256
1,sih1733,train,data/processed/patches/sar/1_r0768_c1024_rot90.png,data/processed/patches/rgb/1_r0768_c1024_rot90.png,1024,768,256
1,sih1733,train,data/processed/patches/sar/1_r0768_c1024_rot180.png,data/processed/patches/rgb/1_r0768_c1024_rot180.png,1024,768,256
1,sih1733,train,data/processed/patches/sar/1_r0768_c1024_rot270.png,data/processed/patches/rgb/1_r0768_c1024_rot270.png,1024,768,256
1,sih1733,train,data/processed/patches/sar/1_r0768_c1152_orig.png,data/processed/patches/rgb/1_r0768_c1152_orig.png,1152,768,256
1,sih1733,train,data/processed/patches/sar/1_r0768_c1152_fliph.png,data/processed/patches/rgb/1_r0768_c1152_fliph.png,1152,768,256
1,sih1733,train,data/processed/patches/sar/1_r0768_c1152_flipv.png,data/processed/patches/rgb/1_r0768_c1152_flipv.png,1152,768,256
1,sih1733,train,data/processed/patches/sar/1_r0768_c1152_rot90.png,data/processed/patches/rgb/1_r0768_c1152_rot90.png,1152,768,256
1,sih1733,train,data/processed/patches/sar/1_r0768_c1152_rot180.png,data/processed/patches/rgb/1_r0768_c1152_rot180.png,1152,768,256
1,sih1733,train,data/processed/patches/sar/1_r0768_c1152_rot270.png,data/processed/patches/rgb/1_r0768_c1152_rot270.png,1152,768,256
1,sih1733,train,data/processed/patches/sar/1_r0768_c1280_orig.png,data/processed/patches/rgb/1_r0768_c1280_orig.png,1280,768,256
1,sih1733,train,data/processed/patches/sar/1_r0768_c1280_fliph.png,data/processed/patches/rgb/1_r0768_c1280_fliph.png,1280,768,256
1,sih1733,train,data/processed/patches/sar/1_r0768_c1280_flipv.png,data/processed/patches/rgb/1_r0768_c1280_flipv.png,1280,768,256
1,sih1733,train,data/processed/patches/sar/1_r0768_c1280_rot90.png,data/processed/patches/rgb/1_r0768_c1280_rot90.png,1280,768,256
1,sih1733,train,data/processed/patches/sar/1_r0768_c1280_rot180.png,data/processed/patches/rgb/1_r0768_c1280_rot180.png,1280,768,256
1,sih1733,train,data/processed/patches/sar/1_r0768_c1280_rot270.png,data/processed/patches/rgb/1_r0768_c1280_rot270.png,1280,768,256
1,sih1733,train,data/processed/patches/sar/1_r0768_c1408_orig.png,data/processed/patches/rgb/1_r0768_c1408_orig.png,1408,768,256
1,sih1733,train,data/processed/patches/sar/1_r0768_c1408_fliph.png,data/processed/patches/rgb/1_r0768_c1408_fliph.png,1408,768,256
1,sih1733,train,data/processed/patches/sar/1_r0768_c1408_flipv.png,data/processed/patches/rgb/1_r0768_c1408_flipv.png,1408,768,256
1,sih1733,train,data/processed/patches/sar/1_r0768_c1408_rot90.png,data/processed/patches/rgb/1_r0768_c1408_rot90.png,1408,768,256
1,sih1733,train,data/processed/patches/sar/1_r0768_c1408_rot180.png,data/processed/patches/rgb/1_r0768_c1408_rot180.png,1408,768,256
1,sih1733,train,data/processed/patches/sar/1_r0768_c1408_rot270.png,data/processed/patches/rgb/1_r0768_c1408_rot270.png,1408,768,256
1,sih1733,train,data/processed/patches/sar/1_r0768_c1536_orig.png,data/processed/patches/rgb/1_r0768_c1536_orig.png,1536,768,256
1,sih1733,train,data/processed/patches/sar/1_r0768_c1536_fliph.png,data/processed/patches/rgb/1_r0768_c1536_fliph.png,1536,768,256
1,sih1733,train,data/processed/patches/sar/1_r0768_c1536_flipv.png,data/processed/patches/rgb/1_r0768_c1536_flipv.png,1536,768,256
1,sih1733,train,data/processed/patches/sar/1_r0768_c1536_rot90.png,data/processed/patches/rgb/1_r0768_c1536_rot90.png,1536,768,256
1,sih1733,train,data/processed/patches/sar/1_r0768_c1536_rot180.png,data/processed/patches/rgb/1_r0768_c1536_rot180.png,1536,768,256
1,sih1733,train,data/processed/patches/sar/1_r0768_c1536_rot270.png,data/processed/patches/rgb/1_r0768_c1536_rot270.png,1536,768,256
1,sih1733,train,data/processed/patches/sar/1_r0768_c1664_orig.png,data/processed/patches/rgb/1_r0768_c1664_orig.png,1664,768,256
1,sih1733,train,data/processed/patches/sar/1_r0768_c1664_fliph.png,data/processed/patches/rgb/1_r0768_c1664_fliph.png,1664,768,256
1,sih1733,train,data/processed/patches/sar/1_r0768_c1664_flipv.png,data/processed/patches/rgb/1_r0768_c1664_flipv.png,1664,768,256
1,sih1733,train,data/processed/patches/sar/1_r0768_c1664_rot90.png,data/processed/patches/rgb/1_r0768_c1664_rot90.png,1664,768,256
1,sih1733,train,data/processed/patches/sar/1_r0768_c1664_rot180.png,data/processed/patches/rgb/1_r0768_c1664_rot180.png,1664,768,256
1,sih1733,train,data/processed/patches/sar/1_r0768_c1664_rot270.png,data/processed/patches/rgb/1_r0768_c1664_rot270.png,1664,768,256
1,sih1733,train,data/processed/patches/sar/1_r0768_c1792_orig.png,data/processed/patches/rgb/1_r0768_c1792_orig.png,1792,768,256
1,sih1733,train,data/processed/patches/sar/1_r0768_c1792_fliph.png,data/processed/patches/rgb/1_r0768_c1792_fliph.png,1792,768,256
1,sih1733,train,data/processed/patches/sar/1_r0768_c1792_flipv.png,data/processed/patches/rgb/1_r0768_c1792_flipv.png,1792,768,256
1,sih1733,train,data/processed/patches/sar/1_r0768_c1792_rot90.png,data/processed/patches/rgb/1_r0768_c1792_rot90.png,1792,768,256
1,sih1733,train,data/processed/patches/sar/1_r0768_c1792_rot180.png,data/processed/patches/rgb/1_r0768_c1792_rot180.png,1792,768,256
1,sih1733,train,data/processed/patches/sar/1_r0768_c1792_rot270.png,data/processed/patches/rgb/1_r0768_c1792_rot270.png,1792,768,256
1,sih1733,train,data/processed/patches/sar/1_r0768_c1920_orig.png,data/processed/patches/rgb/1_r0768_c1920_orig.png,1920,768,256
1,sih1733,train,data/processed/patches/sar/1_r0768_c1920_fliph.png,data/processed/patches/rgb/1_r0768_c1920_fliph.png,1920,768,256
1,sih1733,train,data/processed/patches/sar/1_r0768_c1920_flipv.png,data/processed/patches/rgb/1_r0768_c1920_flipv.png,1920,768,256
1,sih1733,train,data/processed/patches/sar/1_r0768_c1920_rot90.png,data/processed/patches/rgb/1_r0768_c1920_rot90.png,1920,768,256
1,sih1733,train,data/processed/patches/sar/1_r0768_c1920_rot180.png,data/processed/patches/rgb/1_r0768_c1920_rot180.png,1920,768,256
1,sih1733,train,data/processed/patches/sar/1_r0768_c1920_rot270.png,data/processed/patches/rgb/1_r0768_c1920_rot270.png,1920,768,256
1,sih1733,train,data/processed/patches/sar/1_r0768_c2048_orig.png,data/processed/patches/rgb/1_r0768_c2048_orig.png,2048,768,256
1,sih1733,train,data/processed/patches/sar/1_r0768_c2048_fliph.png,data/processed/patches/rgb/1_r0768_c2048_fliph.png,2048,768,256
1,sih1733,train,data/processed/patches/sar/1_r0768_c2048_flipv.png,data/processed/patches/rgb/1_r0768_c2048_flipv.png,2048,768,256
1,sih1733,train,data/processed/patches/sar/1_r0768_c2048_rot90.png,data/processed/patches/rgb/1_r0768_c2048_rot90.png,2048,768,256
1,sih1733,train,data/processed/patches/sar/1_r0768_c2048_rot180.png,data/processed/patches/rgb/1_r0768_c2048_rot180.png,2048,768,256
1,sih1733,train,data/processed/patches/sar/1_r0768_c2048_rot270.png,data/processed/patches/rgb/1_r0768_c2048_rot270.png,2048,768,256
1,sih1733,train,data/processed/patches/sar/1_r0768_c2176_orig.png,data/processed/patches/rgb/1_r0768_c2176_orig.png,2176,768,256
1,sih1733,train,data/processed/patches/sar/1_r0768_c2176_fliph.png,data/processed/patches/rgb/1_r0768_c2176_fliph.png,2176,768,256
1,sih1733,train,data/processed/patches/sar/1_r0768_c2176_flipv.png,data/processed/patches/rgb/1_r0768_c2176_flipv.png,2176,768,256
1,sih1733,train,data/processed/patches/sar/1_r0768_c2176_rot90.png,data/processed/patches/rgb/1_r0768_c2176_rot90.png,2176,768,256
1,sih1733,train,data/processed/patches/sar/1_r0768_c2176_rot180.png,data/processed/patches/rgb/1_r0768_c2176_rot180.png,2176,768,256
1,sih1733,train,data/processed/patches/sar/1_r0768_c2176_rot270.png,data/processed/patches/rgb/1_r0768_c2176_rot270.png,2176,768,256
1,sih1733,train,data/processed/patches/sar/1_r0896_c0000_orig.png,data/processed/patches/rgb/1_r0896_c0000_orig.png,0,896,256
1,sih1733,train,data/processed/patches/sar/1_r0896_c0000_fliph.png,data/processed/patches/rgb/1_r0896_c0000_fliph.png,0,896,256
1,sih1733,train,data/processed/patches/sar/1_r0896_c0000_flipv.png,data/processed/patches/rgb/1_r0896_c0000_flipv.png,0,896,256
1,sih1733,train,data/processed/patches/sar/1_r0896_c0000_rot90.png,data/processed/patches/rgb/1_r0896_c0000_rot90.png,0,896,256
1,sih1733,train,data/processed/patches/sar/1_r0896_c0000_rot180.png,data/processed/patches/rgb/1_r0896_c0000_rot180.png,0,896,256
1,sih1733,train,data/processed/patches/sar/1_r0896_c0000_rot270.png,data/processed/patches/rgb/1_r0896_c0000_rot270.png,0,896,256
1,sih1733,train,data/processed/patches/sar/1_r0896_c0128_orig.png,data/processed/patches/rgb/1_r0896_c0128_orig.png,128,896,256
1,sih1733,train,data/processed/patches/sar/1_r0896_c0128_fliph.png,data/processed/patches/rgb/1_r0896_c0128_fliph.png,128,896,256
1,sih1733,train,data/processed/patches/sar/1_r0896_c0128_flipv.png,data/processed/patches/rgb/1_r0896_c0128_flipv.png,128,896,256
1,sih1733,train,data/processed/patches/sar/1_r0896_c0128_rot90.png,data/processed/patches/rgb/1_r0896_c0128_rot90.png,128,896,256
1,sih1733,train,data/processed/patches/sar/1_r0896_c0128_rot180.png,data/processed/patches/rgb/1_r0896_c0128_rot180.png,128,896,256
1,sih1733,train,data/processed/patches/sar/1_r0896_c0128_rot270.png,data/processed/patches/rgb/1_r0896_c0128_rot270.png,128,896,256
1,sih1733,train,data/processed/patches/sar/1_r0896_c0256_orig.png,data/processed/patches/rgb/1_r0896_c0256_orig.png,256,896,256
1,sih1733,train,data/processed/patches/sar/1_r0896_c0256_fliph.png,data/processed/patches/rgb/1_r0896_c0256_fliph.png,256,896,256
1,sih1733,train,data/processed/patches/sar/1_r0896_c0256_flipv.png,data/processed/patches/rgb/1_r0896_c0256_flipv.png,256,896,256
1,sih1733,train,data/processed/patches/sar/1_r0896_c0256_rot90.png,data/processed/patches/rgb/1_r0896_c0256_rot90.png,256,896,256
1,sih1733,train,data/processed/patches/sar/1_r0896_c0256_rot180.png,data/processed/patches/rgb/1_r0896_c0256_rot180.png,256,896,256
1,sih1733,train,data/processed/patches/sar/1_r0896_c0256_rot270.png,data/processed/patches/rgb/1_r0896_c0256_rot270.png,256,896,256
1,sih1733,train,data/processed/patches/sar/1_r0896_c0384_orig.png,data/processed/patches/rgb/1_r0896_c0384_orig.png,384,896,256
1,sih1733,train,data/processed/patches/sar/1_r0896_c0384_fliph.png,data/processed/patches/rgb/1_r0896_c0384_fliph.png,384,896,256
1,sih1733,train,data/processed/patches/sar/1_r0896_c0384_flipv.png,data/processed/patches/rgb/1_r0896_c0384_flipv.png,384,896,256
1,sih1733,train,data/processed/patches/sar/1_r0896_c0384_rot90.png,data/processed/patches/rgb/1_r0896_c0384_rot90.png,384,896,256
1,sih1733,train,data/processed/patches/sar/1_r0896_c0384_rot180.png,data/processed/patches/rgb/1_r0896_c0384_rot180.png,384,896,256
1,sih1733,train,data/processed/patches/sar/1_r0896_c0384_rot270.png,data/processed/patches/rgb/1_r0896_c0384_rot270.png,384,896,256
1,sih1733,train,data/processed/patches/sar/1_r0896_c0512_orig.png,data/processed/patches/rgb/1_r0896_c0512_orig.png,512,896,256
1,sih1733,train,data/processed/patches/sar/1_r0896_c0512_fliph.png,data/processed/patches/rgb/1_r0896_c0512_fliph.png,512,896,256
1,sih1733,train,data/processed/patches/sar/1_r0896_c0512_flipv.png,data/processed/patches/rgb/1_r0896_c0512_flipv.png,512,896,256
1,sih1733,train,data/processed/patches/sar/1_r0896_c0512_rot90.png,data/processed/patches/rgb/1_r0896_c0512_rot90.png,512,896,256
1,sih1733,train,data/processed/patches/sar/1_r0896_c0512_rot180.png,data/processed/patches/rgb/1_r0896_c0512_rot180.png,512,896,256
1,sih1733,train,data/processed/patches/sar/1_r0896_c0512_rot270.png,data/processed/patches/rgb/1_r0896_c0512_rot270.png,512,896,256
1,sih1733,train,data/processed/patches/sar/1_r0896_c0640_orig.png,data/processed/patches/rgb/1_r0896_c0640_orig.png,640,896,256
1,sih1733,train,data/processed/patches/sar/1_r0896_c0640_fliph.png,data/processed/patches/rgb/1_r0896_c0640_fliph.png,640,896,256
1,sih1733,train,data/processed/patches/sar/1_r0896_c0640_flipv.png,data/processed/patches/rgb/1_r0896_c0640_flipv.png,640,896,256
1,sih1733,train,data/processed/patches/sar/1_r0896_c0640_rot90.png,data/processed/patches/rgb/1_r0896_c0640_rot90.png,640,896,256
1,sih1733,train,data/processed/patches/sar/1_r0896_c0640_rot180.png,data/processed/patches/rgb/1_r0896_c0640_rot180.png,640,896,256
1,sih1733,train,data/processed/patches/sar/1_r0896_c0640_rot270.png,data/processed/patches/rgb/1_r0896_c0640_rot270.png,640,896,256
1,sih1733,train,data/processed/patches/sar/1_r0896_c0768_orig.png,data/processed/patches/rgb/1_r0896_c0768_orig.png,768,896,256
1,sih1733,train,data/processed/patches/sar/1_r0896_c0768_fliph.png,data/processed/patches/rgb/1_r0896_c0768_fliph.png,768,896,256
1,sih1733,train,data/processed/patches/sar/1_r0896_c0768_flipv.png,data/processed/patches/rgb/1_r0896_c0768_flipv.png,768,896,256
1,sih1733,train,data/processed/patches/sar/1_r0896_c0768_rot90.png,data/processed/patches/rgb/1_r0896_c0768_rot90.png,768,896,256
1,sih1733,train,data/processed/patches/sar/1_r0896_c0768_rot180.png,data/processed/patches/rgb/1_r0896_c0768_rot180.png,768,896,256
1,sih1733,train,data/processed/patches/sar/1_r0896_c0768_rot270.png,data/processed/patches/rgb/1_r0896_c0768_rot270.png,768,896,256
1,sih1733,train,data/processed/patches/sar/1_r0896_c0896_orig.png,data/processed/patches/rgb/1_r0896_c0896_orig.png,896,896,256
1,sih1733,train,data/processed/patches/sar/1_r0896_c0896_fliph.png,data/processed/patches/rgb/1_r0896_c0896_fliph.png,896,896,256
1,sih1733,train,data/processed/patches/sar/1_r0896_c0896_flipv.png,data/processed/patches/rgb/1_r0896_c0896_flipv.png,896,896,256
1,sih1733,train,data/processed/patches/sar/1_r0896_c0896_rot90.png,data/processed/patches/rgb/1_r0896_c0896_rot90.png,896,896,256
1,sih1733,train,data/processed/patches/sar/1_r0896_c0896_rot180.png,data/processed/patches/rgb/1_r0896_c0896_rot180.png,896,896,256
1,sih1733,train,data/processed/patches/sar/1_r0896_c0896_rot270.png,data/processed/patches/rgb/1_r0896_c0896_rot270.png,896,896,256
1,sih1733,train,data/processed/patches/sar/1_r0896_c1024_orig.png,data/processed/patches/rgb/1_r0896_c1024_orig.png,1024,896,256
1,sih1733,train,data/processed/patches/sar/1_r0896_c1024_fliph.png,data/processed/patches/rgb/1_r0896_c1024_fliph.png,1024,896,256
1,sih1733,train,data/processed/patches/sar/1_r0896_c1024_flipv.png,data/processed/patches/rgb/1_r0896_c1024_flipv.png,1024,896,256
1,sih1733,train,data/processed/patches/sar/1_r0896_c1024_rot90.png,data/processed/patches/rgb/1_r0896_c1024_rot90.png,1024,896,256
1,sih1733,train,data/processed/patches/sar/1_r0896_c1024_rot180.png,data/processed/patches/rgb/1_r0896_c1024_rot180.png,1024,896,256
1,sih1733,train,data/processed/patches/sar/1_r0896_c1024_rot270.png,data/processed/patches/rgb/1_r0896_c1024_rot270.png,1024,896,256
1,sih1733,train,data/processed/patches/sar/1_r0896_c1152_orig.png,data/processed/patches/rgb/1_r0896_c1152_orig.png,1152,896,256
1,sih1733,train,data/processed/patches/sar/1_r0896_c1152_fliph.png,data/processed/patches/rgb/1_r0896_c1152_fliph.png,1152,896,256
1,sih1733,train,data/processed/patches/sar/1_r0896_c1152_flipv.png,data/processed/patches/rgb/1_r0896_c1152_flipv.png,1152,896,256
1,sih1733,train,data/processed/patches/sar/1_r0896_c1152_rot90.png,data/processed/patches/rgb/1_r0896_c1152_rot90.png,1152,896,256
1,sih1733,train,data/processed/patches/sar/1_r0896_c1152_rot180.png,data/processed/patches/rgb/1_r0896_c1152_rot180.png,1152,896,256
1,sih1733,train,data/processed/patches/sar/1_r0896_c1152_rot270.png,data/processed/patches/rgb/1_r0896_c1152_rot270.png,1152,896,256
1,sih1733,train,data/processed/patches/sar/1_r0896_c1280_orig.png,data/processed/patches/rgb/1_r0896_c1280_orig.png,1280,896,256
1,sih1733,train,data/processed/patches/sar/1_r0896_c1280_fliph.png,data/processed/patches/rgb/1_r0896_c1280_fliph.png,1280,896,256
1,sih1733,train,data/processed/patches/sar/1_r0896_c1280_flipv.png,data/processed/patches/rgb/1_r0896_c1280_flipv.png,1280,896,256
1,sih1733,train,data/processed/patches/sar/1_r0896_c1280_rot90.png,data/processed/patches/rgb/1_r0896_c1280_rot90.png,1280,896,256
1,sih1733,train,data/processed/patches/sar/1_r0896_c1280_rot180.png,data/processed/patches/rgb/1_r0896_c1280_rot180.png,1280,896,256
1,sih1733,train,data/processed/patches/sar/1_r0896_c1280_rot270.png,data/processed/patches/rgb/1_r0896_c1280_rot270.png,1280,896,256
1,sih1733,train,data/processed/patches/sar/1_r0896_c1408_orig.png,data/processed/patches/rgb/1_r0896_c1408_orig.png,1408,896,256
1,sih1733,train,data/processed/patches/sar/1_r0896_c1408_fliph.png,data/processed/patches/rgb/1_r0896_c1408_fliph.png,1408,896,256
1,sih1733,train,data/processed/patches/sar/1_r0896_c1408_flipv.png,data/processed/patches/rgb/1_r0896_c1408_flipv.png,1408,896,256
1,sih1733,train,data/processed/patches/sar/1_r0896_c1408_rot90.png,data/processed/patches/rgb/1_r0896_c1408_rot90.png,1408,896,256
1,sih1733,train,data/processed/patches/sar/1_r0896_c1408_rot180.png,data/processed/patches/rgb/1_r0896_c1408_rot180.png,1408,896,256
1,sih1733,train,data/processed/patches/sar/1_r0896_c1408_rot270.png,data/processed/patches/rgb/1_r0896_c1408_rot270.png,1408,896,256
1,sih1733,train,data/processed/patches/sar/1_r0896_c1536_orig.png,data/processed/patches/rgb/1_r0896_c1536_orig.png,1536,896,256
1,sih1733,train,data/processed/patches/sar/1_r0896_c1536_fliph.png,data/processed/patches/rgb/1_r0896_c1536_fliph.png,1536,896,256
1,sih1733,train,data/processed/patches/sar/1_r0896_c1536_flipv.png,data/processed/patches/rgb/1_r0896_c1536_flipv.png,1536,896,256
1,sih1733,train,data/processed/patches/sar/1_r0896_c1536_rot90.png,data/processed/patches/rgb/1_r0896_c1536_rot90.png,1536,896,256
1,sih1733,train,data/processed/patches/sar/1_r0896_c1536_rot180.png,data/processed/patches/rgb/1_r0896_c1536_rot180.png,1536,896,256
1,sih1733,train,data/processed/patches/sar/1_r0896_c1536_rot270.png,data/processed/patches/rgb/1_r0896_c1536_rot270.png,1536,896,256
1,sih1733,train,data/processed/patches/sar/1_r0896_c1664_orig.png,data/processed/patches/rgb/1_r0896_c1664_orig.png,1664,896,256
1,sih1733,train,data/processed/patches/sar/1_r0896_c1664_fliph.png,data/processed/patches/rgb/1_r0896_c1664_fliph.png,1664,896,256
1,sih1733,train,data/processed/patches/sar/1_r0896_c1664_flipv.png,data/processed/patches/rgb/1_r0896_c1664_flipv.png,1664,896,256
1,sih1733,train,data/processed/patches/sar/1_r0896_c1664_rot90.png,data/processed/patches/rgb/1_r0896_c1664_rot90.png,1664,896,256
1,sih1733,train,data/processed/patches/sar/1_r0896_c1664_rot180.png,data/processed/patches/rgb/1_r0896_c1664_rot180.png,1664,896,256
1,sih1733,train,data/processed/patches/sar/1_r0896_c1664_rot270.png,data/processed/patches/rgb/1_r0896_c1664_rot270.png,1664,896,256
1,sih1733,train,data/processed/patches/sar/1_r0896_c1792_orig.png,data/processed/patches/rgb/1_r0896_c1792_orig.png,1792,896,256
1,sih1733,train,data/processed/patches/sar/1_r0896_c1792_fliph.png,data/processed/patches/rgb/1_r0896_c1792_fliph.png,1792,896,256
1,sih1733,train,data/processed/patches/sar/1_r0896_c1792_flipv.png,data/processed/patches/rgb/1_r0896_c1792_flipv.png,1792,896,256
1,sih1733,train,data/processed/patches/sar/1_r0896_c1792_rot90.png,data/processed/patches/rgb/1_r0896_c1792_rot90.png,1792,896,256
1,sih1733,train,data/processed/patches/sar/1_r0896_c1792_rot180.png,data/processed/patches/rgb/1_r0896_c1792_rot180.png,1792,896,256
1,sih1733,train,data/processed/patches/sar/1_r0896_c1792_rot270.png,data/processed/patches/rgb/1_r0896_c1792_rot270.png,1792,896,256
1,sih1733,train,data/processed/patches/sar/1_r0896_c1920_orig.png,data/processed/patches/rgb/1_r0896_c1920_orig.png,1920,896,256
1,sih1733,train,data/processed/patches/sar/1_r0896_c1920_fliph.png,data/processed/patches/rgb/1_r0896_c1920_fliph.png,1920,896,256
1,sih1733,train,data/processed/patches/sar/1_r0896_c1920_flipv.png,data/processed/patches/rgb/1_r0896_c1920_flipv.png,1920,896,256
1,sih1733,train,data/processed/patches/sar/1_r0896_c1920_rot90.png,data/processed/patches/rgb/1_r0896_c1920_rot90.png,1920,896,256
1,sih1733,train,data/processed/patches/sar/1_r0896_c1920_rot180.png,data/processed/patches/rgb/1_r0896_c1920_rot180.png,1920,896,256
1,sih1733,train,data/processed/patches/sar/1_r0896_c1920_rot270.png,data/processed/patches/rgb/1_r0896_c1920_rot270.png,1920,896,256
1,sih1733,train,data/processed/patches/sar/1_r0896_c2048_orig.png,data/processed/patches/rgb/1_r0896_c2048_orig.png,2048,896,256
1,sih1733,train,data/processed/patches/sar/1_r0896_c2048_fliph.png,data/processed/patches/rgb/1_r0896_c2048_fliph.png,2048,896,256
1,sih1733,train,data/processed/patches/sar/1_r0896_c2048_flipv.png,data/processed/patches/rgb/1_r0896_c2048_flipv.png,2048,896,256
1,sih1733,train,data/processed/patches/sar/1_r0896_c2048_rot90.png,data/processed/patches/rgb/1_r0896_c2048_rot90.png,2048,896,256
1,sih1733,train,data/processed/patches/sar/1_r0896_c2048_rot180.png,data/processed/patches/rgb/1_r0896_c2048_rot180.png,2048,896,256
1,sih1733,train,data/processed/patches/sar/1_r0896_c2048_rot270.png,data/processed/patches/rgb/1_r0896_c2048_rot270.png,2048,896,256
1,sih1733,train,data/processed/patches/sar/1_r0896_c2176_orig.png,data/processed/patches/rgb/1_r0896_c2176_orig.png,2176,896,256
1,sih1733,train,data/processed/patches/sar/1_r0896_c2176_fliph.png,data/processed/patches/rgb/1_r0896_c2176_fliph.png,2176,896,256
1,sih1733,train,data/processed/patches/sar/1_r0896_c2176_flipv.png,data/processed/patches/rgb/1_r0896_c2176_flipv.png,2176,896,256
1,sih1733,train,data/processed/patches/sar/1_r0896_c2176_rot90.png,data/processed/patches/rgb/1_r0896_c2176_rot90.png,2176,896,256
1,sih1733,train,data/processed/patches/sar/1_r0896_c2176_rot180.png,data/processed/patches/rgb/1_r0896_c2176_rot180.png,2176,896,256
1,sih1733,train,data/processed/patches/sar/1_r0896_c2176_rot270.png,data/processed/patches/rgb/1_r0896_c2176_rot270.png,2176,896,256
1,sih1733,train,data/processed/patches/sar/1_r1024_c0000_orig.png,data/processed/patches/rgb/1_r1024_c0000_orig.png,0,1024,256
1,sih1733,train,data/processed/patches/sar/1_r1024_c0000_fliph.png,data/processed/patches/rgb/1_r1024_c0000_fliph.png,0,1024,256
1,sih1733,train,data/processed/patches/sar/1_r1024_c0000_flipv.png,data/processed/patches/rgb/1_r1024_c0000_flipv.png,0,1024,256
1,sih1733,train,data/processed/patches/sar/1_r1024_c0000_rot90.png,data/processed/patches/rgb/1_r1024_c0000_rot90.png,0,1024,256
1,sih1733,train,data/processed/patches/sar/1_r1024_c0000_rot180.png,data/processed/patches/rgb/1_r1024_c0000_rot180.png,0,1024,256
1,sih1733,train,data/processed/patches/sar/1_r1024_c0000_rot270.png,data/processed/patches/rgb/1_r1024_c0000_rot270.png,0,1024,256
1,sih1733,train,data/processed/patches/sar/1_r1024_c0128_orig.png,data/processed/patches/rgb/1_r1024_c0128_orig.png,128,1024,256
1,sih1733,train,data/processed/patches/sar/1_r1024_c0128_fliph.png,data/processed/patches/rgb/1_r1024_c0128_fliph.png,128,1024,256
1,sih1733,train,data/processed/patches/sar/1_r1024_c0128_flipv.png,data/processed/patches/rgb/1_r1024_c0128_flipv.png,128,1024,256
1,sih1733,train,data/processed/patches/sar/1_r1024_c0128_rot90.png,data/processed/patches/rgb/1_r1024_c0128_rot90.png,128,1024,256
1,sih1733,train,data/processed/patches/sar/1_r1024_c0128_rot180.png,data/processed/patches/rgb/1_r1024_c0128_rot180.png,128,1024,256
1,sih1733,train,data/processed/patches/sar/1_r1024_c0128_rot270.png,data/processed/patches/rgb/1_r1024_c0128_rot270.png,128,1024,256
1,sih1733,train,data/processed/patches/sar/1_r1024_c0256_orig.png,data/processed/patches/rgb/1_r1024_c0256_orig.png,256,1024,256
1,sih1733,train,data/processed/patches/sar/1_r1024_c0256_fliph.png,data/processed/patches/rgb/1_r1024_c0256_fliph.png,256,1024,256
1,sih1733,train,data/processed/patches/sar/1_r1024_c0256_flipv.png,data/processed/patches/rgb/1_r1024_c0256_flipv.png,256,1024,256
1,sih1733,train,data/processed/patches/sar/1_r1024_c0256_rot90.png,data/processed/patches/rgb/1_r1024_c0256_rot90.png,256,1024,256
1,sih1733,train,data/processed/patches/sar/1_r1024_c0256_rot180.png,data/processed/patches/rgb/1_r1024_c0256_rot180.png,256,1024,256
1,sih1733,train,data/processed/patches/sar/1_r1024_c0256_rot270.png,data/processed/patches/rgb/1_r1024_c0256_rot270.png,256,1024,256
1,sih1733,train,data/processed/patches/sar/1_r1024_c0384_orig.png,data/processed/patches/rgb/1_r1024_c0384_orig.png,384,1024,256
1,sih1733,train,data/processed/patches/sar/1_r1024_c0384_fliph.png,data/processed/patches/rgb/1_r1024_c0384_fliph.png,384,1024,256
1,sih1733,train,data/processed/patches/sar/1_r1024_c0384_flipv.png,data/processed/patches/rgb/1_r1024_c0384_flipv.png,384,1024,256
1,sih1733,train,data/processed/patches/sar/1_r1024_c0384_rot90.png,data/processed/patches/rgb/1_r1024_c0384_rot90.png,384,1024,256
1,sih1733,train,data/processed/patches/sar/1_r1024_c0384_rot180.png,data/processed/patches/rgb/1_r1024_c0384_rot180.png,384,1024,256
1,sih1733,train,data/processed/patches/sar/1_r1024_c0384_rot270.png,data/processed/patches/rgb/1_r1024_c0384_rot270.png,384,1024,256
1,sih1733,train,data/processed/patches/sar/1_r1024_c0512_orig.png,data/processed/patches/rgb/1_r1024_c0512_orig.png,512,1024,256
1,sih1733,train,data/processed/patches/sar/1_r1024_c0512_fliph.png,data/processed/patches/rgb/1_r1024_c0512_fliph.png,512,1024,256
1,sih1733,train,data/processed/patches/sar/1_r1024_c0512_flipv.png,data/processed/patches/rgb/1_r1024_c0512_flipv.png,512,1024,256
1,sih1733,train,data/processed/patches/sar/1_r1024_c0512_rot90.png,data/processed/patches/rgb/1_r1024_c0512_rot90.png,512,1024,256
1,sih1733,train,data/processed/patches/sar/1_r1024_c0512_rot180.png,data/processed/patches/rgb/1_r1024_c0512_rot180.png,512,1024,256
1,sih1733,train,data/processed/patches/sar/1_r1024_c0512_rot270.png,data/processed/patches/rgb/1_r1024_c0512_rot270.png,512,1024,256
1,sih1733,train,data/processed/patches/sar/1_r1024_c0640_orig.png,data/processed/patches/rgb/1_r1024_c0640_orig.png,640,1024,256
1,sih1733,train,data/processed/patches/sar/1_r1024_c0640_fliph.png,data/processed/patches/rgb/1_r1024_c0640_fliph.png,640,1024,256
1,sih1733,train,data/processed/patches/sar/1_r1024_c0640_flipv.png,data/processed/patches/rgb/1_r1024_c0640_flipv.png,640,1024,256
1,sih1733,train,data/processed/patches/sar/1_r1024_c0640_rot90.png,data/processed/patches/rgb/1_r1024_c0640_rot90.png,640,1024,256
1,sih1733,train,data/processed/patches/sar/1_r1024_c0640_rot180.png,data/processed/patches/rgb/1_r1024_c0640_rot180.png,640,1024,256
1,sih1733,train,data/processed/patches/sar/1_r1024_c0640_rot270.png,data/processed/patches/rgb/1_r1024_c0640_rot270.png,640,1024,256
1,sih1733,train,data/processed/patches/sar/1_r1024_c0768_orig.png,data/processed/patches/rgb/1_r1024_c0768_orig.png,768,1024,256
1,sih1733,train,data/processed/patches/sar/1_r1024_c0768_fliph.png,data/processed/patches/rgb/1_r1024_c0768_fliph.png,768,1024,256
1,sih1733,train,data/processed/patches/sar/1_r1024_c0768_flipv.png,data/processed/patches/rgb/1_r1024_c0768_flipv.png,768,1024,256
1,sih1733,train,data/processed/patches/sar/1_r1024_c0768_rot90.png,data/processed/patches/rgb/1_r1024_c0768_rot90.png,768,1024,256
1,sih1733,train,data/processed/patches/sar/1_r1024_c0768_rot180.png,data/processed/patches/rgb/1_r1024_c0768_rot180.png,768,1024,256
1,sih1733,train,data/processed/patches/sar/1_r1024_c0768_rot270.png,data/processed/patches/rgb/1_r1024_c0768_rot270.png,768,1024,256
1,sih1733,train,data/processed/patches/sar/1_r1024_c0896_orig.png,data/processed/patches/rgb/1_r1024_c0896_orig.png,896,1024,256
1,sih1733,train,data/processed/patches/sar/1_r1024_c0896_fliph.png,data/processed/patches/rgb/1_r1024_c0896_fliph.png,896,1024,256
1,sih1733,train,data/processed/patches/sar/1_r1024_c0896_flipv.png,data/processed/patches/rgb/1_r1024_c0896_flipv.png,896,1024,256
1,sih1733,train,data/processed/patches/sar/1_r1024_c0896_rot90.png,data/processed/patches/rgb/1_r1024_c0896_rot90.png,896,1024,256
1,sih1733,train,data/processed/patches/sar/1_r1024_c0896_rot180.png,data/processed/patches/rgb/1_r1024_c0896_rot180.png,896,1024,256
1,sih1733,train,data/processed/patches/sar/1_r1024_c0896_rot270.png,data/processed/patches/rgb/1_r1024_c0896_rot270.png,896,1024,256
1,sih1733,train,data/processed/patches/sar/1_r1024_c1024_orig.png,data/processed/patches/rgb/1_r1024_c1024_orig.png,1024,1024,256
1,sih1733,train,data/processed/patches/sar/1_r1024_c1024_fliph.png,data/processed/patches/rgb/1_r1024_c1024_fliph.png,1024,1024,256
1,sih1733,train,data/processed/patches/sar/1_r1024_c1024_flipv.png,data/processed/patches/rgb/1_r1024_c1024_flipv.png,1024,1024,256
1,sih1733,train,data/processed/patches/sar/1_r1024_c1024_rot90.png,data/processed/patches/rgb/1_r1024_c1024_rot90.png,1024,1024,256
1,sih1733,train,data/processed/patches/sar/1_r1024_c1024_rot180.png,data/processed/patches/rgb/1_r1024_c1024_rot180.png,1024,1024,256
1,sih1733,train,data/processed/patches/sar/1_r1024_c1024_rot270.png,data/processed/patches/rgb/1_r1024_c1024_rot270.png,1024,1024,256
1,sih1733,train,data/processed/patches/sar/1_r1024_c1152_orig.png,data/processed/patches/rgb/1_r1024_c1152_orig.png,1152,1024,256
1,sih1733,train,data/processed/patches/sar/1_r1024_c1152_fliph.png,data/processed/patches/rgb/1_r1024_c1152_fliph.png,1152,1024,256
1,sih1733,train,data/processed/patches/sar/1_r1024_c1152_flipv.png,data/processed/patches/rgb/1_r1024_c1152_flipv.png,1152,1024,256
1,sih1733,train,data/processed/patches/sar/1_r1024_c1152_rot90.png,data/processed/patches/rgb/1_r1024_c1152_rot90.png,1152,1024,256
1,sih1733,train,data/processed/patches/sar/1_r1024_c1152_rot180.png,data/processed/patches/rgb/1_r1024_c1152_rot180.png,1152,1024,256
1,sih1733,train,data/processed/patches/sar/1_r1024_c1152_rot270.png,data/processed/patches/rgb/1_r1024_c1152_rot270.png,1152,1024,256
1,sih1733,train,data/processed/patches/sar/1_r1024_c1280_orig.png,data/processed/patches/rgb/1_r1024_c1280_orig.png,1280,1024,256
1,sih1733,train,data/processed/patches/sar/1_r1024_c1280_fliph.png,data/processed/patches/rgb/1_r1024_c1280_fliph.png,1280,1024,256
1,sih1733,train,data/processed/patches/sar/1_r1024_c1280_flipv.png,data/processed/patches/rgb/1_r1024_c1280_flipv.png,1280,1024,256
1,sih1733,train,data/processed/patches/sar/1_r1024_c1280_rot90.png,data/processed/patches/rgb/1_r1024_c1280_rot90.png,1280,1024,256
1,sih1733,train,data/processed/patches/sar/1_r1024_c1280_rot180.png,data/processed/patches/rgb/1_r1024_c1280_rot180.png,1280,1024,256
1,sih1733,train,data/processed/patches/sar/1_r1024_c1280_rot270.png,data/processed/patches/rgb/1_r1024_c1280_rot270.png,1280,1024,256
1,sih1733,train,data/processed/patches/sar/1_r1024_c1408_orig.png,data/processed/patches/rgb/1_r1024_c1408_orig.png,1408,1024,256
1,sih1733,train,data/processed/patches/sar/1_r1024_c1408_fliph.png,data/processed/patches/rgb/1_r1024_c1408_fliph.png,1408,1024,256
1,sih1733,train,data/processed/patches/sar/1_r1024_c1408_flipv.png,data/processed/patches/rgb/1_r1024_c1408_flipv.png,1408,1024,256
1,sih1733,train,data/processed/patches/sar/1_r1024_c1408_rot90.png,data/processed/patches/rgb/1_r1024_c1408_rot90.png,1408,1024,256
1,sih1733,train,data/processed/patches/sar/1_r1024_c1408_rot180.png,data/processed/patches/rgb/1_r1024_c1408_rot180.png,1408,1024,256
1,sih1733,train,data/processed/patches/sar/1_r1024_c1408_rot270.png,data/processed/patches/rgb/1_r1024_c1408_rot270.png,1408,1024,256
1,sih1733,train,data/processed/patches/sar/1_r1024_c1536_orig.png,data/processed/patches/rgb/1_r1024_c1536_orig.png,1536,1024,256
1,sih1733,train,data/processed/patches/sar/1_r1024_c1536_fliph.png,data/processed/patches/rgb/1_r1024_c1536_fliph.png,1536,1024,256
1,sih1733,train,data/processed/patches/sar/1_r1024_c1536_flipv.png,data/processed/patches/rgb/1_r1024_c1536_flipv.png,1536,1024,256
1,sih1733,train,data/processed/patches/sar/1_r1024_c1536_rot90.png,data/processed/patches/rgb/1_r1024_c1536_rot90.png,1536,1024,256
1,sih1733,train,data/processed/patches/sar/1_r1024_c1536_rot180.png,data/processed/patches/rgb/1_r1024_c1536_rot180.png,1536,1024,256
1,sih1733,train,data/processed/patches/sar/1_r1024_c1536_rot270.png,data/processed/patches/rgb/1_r1024_c1536_rot270.png,1536,1024,256
1,sih1733,train,data/processed/patches/sar/1_r1024_c1664_orig.png,data/processed/patches/rgb/1_r1024_c1664_orig.png,1664,1024,256
1,sih1733,train,data/processed/patches/sar/1_r1024_c1664_fliph.png,data/processed/patches/rgb/1_r1024_c1664_fliph.png,1664,1024,256
1,sih1733,train,data/processed/patches/sar/1_r1024_c1664_flipv.png,data/processed/patches/rgb/1_r1024_c1664_flipv.png,1664,1024,256
1,sih1733,train,data/processed/patches/sar/1_r1024_c1664_rot90.png,data/processed/patches/rgb/1_r1024_c1664_rot90.png,1664,1024,256
1,sih1733,train,data/processed/patches/sar/1_r1024_c1664_rot180.png,data/processed/patches/rgb/1_r1024_c1664_rot180.png,1664,1024,256
1,sih1733,train,data/processed/patches/sar/1_r1024_c1664_rot270.png,data/processed/patches/rgb/1_r1024_c1664_rot270.png,1664,1024,256
1,sih1733,train,data/processed/patches/sar/1_r1024_c1792_orig.png,data/processed/patches/rgb/1_r1024_c1792_orig.png,1792,1024,256
1,sih1733,train,data/processed/patches/sar/1_r1024_c1792_fliph.png,data/processed/patches/rgb/1_r1024_c1792_fliph.png,1792,1024,256
1,sih1733,train,data/processed/patches/sar/1_r1024_c1792_flipv.png,data/processed/patches/rgb/1_r1024_c1792_flipv.png,1792,1024,256
1,sih1733,train,data/processed/patches/sar/1_r1024_c1792_rot90.png,data/processed/patches/rgb/1_r1024_c1792_rot90.png,1792,1024,256
1,sih1733,train,data/processed/patches/sar/1_r1024_c1792_rot180.png,data/processed/patches/rgb/1_r1024_c1792_rot180.png,1792,1024,256
1,sih1733,train,data/processed/patches/sar/1_r1024_c1792_rot270.png,data/processed/patches/rgb/1_r1024_c1792_rot270.png,1792,1024,256
1,sih1733,train,data/processed/patches/sar/1_r1024_c1920_orig.png,data/processed/patches/rgb/1_r1024_c1920_orig.png,1920,1024,256
1,sih1733,train,data/processed/patches/sar/1_r1024_c1920_fliph.png,data/processed/patches/rgb/1_r1024_c1920_fliph.png,1920,1024,256
1,sih1733,train,data/processed/patches/sar/1_r1024_c1920_flipv.png,data/processed/patches/rgb/1_r1024_c1920_flipv.png,1920,1024,256
1,sih1733,train,data/processed/patches/sar/1_r1024_c1920_rot90.png,data/processed/patches/rgb/1_r1024_c1920_rot90.png,1920,1024,256
1,sih1733,train,data/processed/patches/sar/1_r1024_c1920_rot180.png,data/processed/patches/rgb/1_r1024_c1920_rot180.png,1920,1024,256
1,sih1733,train,data/processed/patches/sar/1_r1024_c1920_rot270.png,data/processed/patches/rgb/1_r1024_c1920_rot270.png,1920,1024,256
1,sih1733,train,data/processed/patches/sar/1_r1024_c2048_orig.png,data/processed/patches/rgb/1_r1024_c2048_orig.png,2048,1024,256
1,sih1733,train,data/processed/patches/sar/1_r1024_c2048_fliph.png,data/processed/patches/rgb/1_r1024_c2048_fliph.png,2048,1024,256
1,sih1733,train,data/processed/patches/sar/1_r1024_c2048_flipv.png,data/processed/patches/rgb/1_r1024_c2048_flipv.png,2048,1024,256
1,sih1733,train,data/processed/patches/sar/1_r1024_c2048_rot90.png,data/processed/patches/rgb/1_r1024_c2048_rot90.png,2048,1024,256
1,sih1733,train,data/processed/patches/sar/1_r1024_c2048_rot180.png,data/processed/patches/rgb/1_r1024_c2048_rot180.png,2048,1024,256
1,sih1733,train,data/processed/patches/sar/1_r1024_c2048_rot270.png,data/processed/patches/rgb/1_r1024_c2048_rot270.png,2048,1024,256
1,sih1733,train,data/processed/patches/sar/1_r1024_c2176_orig.png,data/processed/patches/rgb/1_r1024_c2176_orig.png,2176,1024,256
1,sih1733,train,data/processed/patches/sar/1_r1024_c2176_fliph.png,data/processed/patches/rgb/1_r1024_c2176_fliph.png,2176,1024,256
1,sih1733,train,data/processed/patches/sar/1_r1024_c2176_flipv.png,data/processed/patches/rgb/1_r1024_c2176_flipv.png,2176,1024,256
1,sih1733,train,data/processed/patches/sar/1_r1024_c2176_rot90.png,data/processed/patches/rgb/1_r1024_c2176_rot90.png,2176,1024,256
1,sih1733,train,data/processed/patches/sar/1_r1024_c2176_rot180.png,data/processed/patches/rgb/1_r1024_c2176_rot180.png,2176,1024,256
1,sih1733,train,data/processed/patches/sar/1_r1024_c2176_rot270.png,data/processed/patches/rgb/1_r1024_c2176_rot270.png,2176,1024,256
1,sih1733,train,data/processed/patches/sar/1_r1152_c0000_orig.png,data/processed/patches/rgb/1_r1152_c0000_orig.png,0,1152,256
1,sih1733,train,data/processed/patches/sar/1_r1152_c0000_fliph.png,data/processed/patches/rgb/1_r1152_c0000_fliph.png,0,1152,256
1,sih1733,train,data/processed/patches/sar/1_r1152_c0000_flipv.png,data/processed/patches/rgb/1_r1152_c0000_flipv.png,0,1152,256
1,sih1733,train,data/processed/patches/sar/1_r1152_c0000_rot90.png,data/processed/patches/rgb/1_r1152_c0000_rot90.png,0,1152,256
1,sih1733,train,data/processed/patches/sar/1_r1152_c0000_rot180.png,data/processed/patches/rgb/1_r1152_c0000_rot180.png,0,1152,256
1,sih1733,train,data/processed/patches/sar/1_r1152_c0000_rot270.png,data/processed/patches/rgb/1_r1152_c0000_rot270.png,0,1152,256
1,sih1733,train,data/processed/patches/sar/1_r1152_c0128_orig.png,data/processed/patches/rgb/1_r1152_c0128_orig.png,128,1152,256
1,sih1733,train,data/processed/patches/sar/1_r1152_c0128_fliph.png,data/processed/patches/rgb/1_r1152_c0128_fliph.png,128,1152,256
1,sih1733,train,data/processed/patches/sar/1_r1152_c0128_flipv.png,data/processed/patches/rgb/1_r1152_c0128_flipv.png,128,1152,256
1,sih1733,train,data/processed/patches/sar/1_r1152_c0128_rot90.png,data/processed/patches/rgb/1_r1152_c0128_rot90.png,128,1152,256
1,sih1733,train,data/processed/patches/sar/1_r1152_c0128_rot180.png,data/processed/patches/rgb/1_r1152_c0128_rot180.png,128,1152,256
1,sih1733,train,data/processed/patches/sar/1_r1152_c0128_rot270.png,data/processed/patches/rgb/1_r1152_c0128_rot270.png,128,1152,256
1,sih1733,train,data/processed/patches/sar/1_r1152_c0256_orig.png,data/processed/patches/rgb/1_r1152_c0256_orig.png,256,1152,256
1,sih1733,train,data/processed/patches/sar/1_r1152_c0256_fliph.png,data/processed/patches/rgb/1_r1152_c0256_fliph.png,256,1152,256
1,sih1733,train,data/processed/patches/sar/1_r1152_c0256_flipv.png,data/processed/patches/rgb/1_r1152_c0256_flipv.png,256,1152,256
1,sih1733,train,data/processed/patches/sar/1_r1152_c0256_rot90.png,data/processed/patches/rgb/1_r1152_c0256_rot90.png,256,1152,256
1,sih1733,train,data/processed/patches/sar/1_r1152_c0256_rot180.png,data/processed/patches/rgb/1_r1152_c0256_rot180.png,256,1152,256
1,sih1733,train,data/processed/patches/sar/1_r1152_c0256_rot270.png,data/processed/patches/rgb/1_r1152_c0256_rot270.png,256,1152,256
1,sih1733,train,data/processed/patches/sar/1_r1152_c0384_orig.png,data/processed/patches/rgb/1_r1152_c0384_orig.png,384,1152,256
1,sih1733,train,data/processed/patches/sar/1_r1152_c0384_fliph.png,data/processed/patches/rgb/1_r1152_c0384_fliph.png,384,1152,256
1,sih1733,train,data/processed/patches/sar/1_r1152_c0384_flipv.png,data/processed/patches/rgb/1_r1152_c0384_flipv.png,384,1152,256
1,sih1733,train,data/processed/patches/sar/1_r1152_c0384_rot90.png,data/processed/patches/rgb/1_r1152_c0384_rot90.png,384,1152,256
1,sih1733,train,data/processed/patches/sar/1_r1152_c0384_rot180.png,data/processed/patches/rgb/1_r1152_c0384_rot180.png,384,1152,256
1,sih1733,train,data/processed/patches/sar/1_r1152_c0384_rot270.png,data/processed/patches/rgb/1_r1152_c0384_rot270.png,384,1152,256
1,sih1733,train,data/processed/patches/sar/1_r1152_c0512_orig.png,data/processed/patches/rgb/1_r1152_c0512_orig.png,512,1152,256
1,sih1733,train,data/processed/patches/sar/1_r1152_c0512_fliph.png,data/processed/patches/rgb/1_r1152_c0512_fliph.png,512,1152,256
1,sih1733,train,data/processed/patches/sar/1_r1152_c0512_flipv.png,data/processed/patches/rgb/1_r1152_c0512_flipv.png,512,1152,256
1,sih1733,train,data/processed/patches/sar/1_r1152_c0512_rot90.png,data/processed/patches/rgb/1_r1152_c0512_rot90.png,512,1152,256
1,sih1733,train,data/processed/patches/sar/1_r1152_c0512_rot180.png,data/processed/patches/rgb/1_r1152_c0512_rot180.png,512,1152,256
1,sih1733,train,data/processed/patches/sar/1_r1152_c0512_rot270.png,data/processed/patches/rgb/1_r1152_c0512_rot270.png,512,1152,256
1,sih1733,train,data/processed/patches/sar/1_r1152_c0640_orig.png,data/processed/patches/rgb/1_r1152_c0640_orig.png,640,1152,256
1,sih1733,train,data/processed/patches/sar/1_r1152_c0640_fliph.png,data/processed/patches/rgb/1_r1152_c0640_fliph.png,640,1152,256
1,sih1733,train,data/processed/patches/sar/1_r1152_c0640_flipv.png,data/processed/patches/rgb/1_r1152_c0640_flipv.png,640,1152,256
1,sih1733,train,data/processed/patches/sar/1_r1152_c0640_rot90.png,data/processed/patches/rgb/1_r1152_c0640_rot90.png,640,1152,256
1,sih1733,train,data/processed/patches/sar/1_r1152_c0640_rot180.png,data/processed/patches/rgb/1_r1152_c0640_rot180.png,640,1152,256
1,sih1733,train,data/processed/patches/sar/1_r1152_c0640_rot270.png,data/processed/patches/rgb/1_r1152_c0640_rot270.png,640,1152,256
1,sih1733,train,data/processed/patches/sar/1_r1152_c0768_orig.png,data/processed/patches/rgb/1_r1152_c0768_orig.png,768,1152,256
1,sih1733,train,data/processed/patches/sar/1_r1152_c0768_fliph.png,data/processed/patches/rgb/1_r1152_c0768_fliph.png,768,1152,256
1,sih1733,train,data/processed/patches/sar/1_r1152_c0768_flipv.png,data/processed/patches/rgb/1_r1152_c0768_flipv.png,768,1152,256
1,sih1733,train,data/processed/patches/sar/1_r1152_c0768_rot90.png,data/processed/patches/rgb/1_r1152_c0768_rot90.png,768,1152,256
1,sih1733,train,data/processed/patches/sar/1_r1152_c0768_rot180.png,data/processed/patches/rgb/1_r1152_c0768_rot180.png,768,1152,256
1,sih1733,train,data/processed/patches/sar/1_r1152_c0768_rot270.png,data/processed/patches/rgb/1_r1152_c0768_rot270.png,768,1152,256
1,sih1733,train,data/processed/patches/sar/1_r1152_c0896_orig.png,data/processed/patches/rgb/1_r1152_c0896_orig.png,896,1152,256
1,sih1733,train,data/processed/patches/sar/1_r1152_c0896_fliph.png,data/processed/patches/rgb/1_r1152_c0896_fliph.png,896,1152,256
1,sih1733,train,data/processed/patches/sar/1_r1152_c0896_flipv.png,data/processed/patches/rgb/1_r1152_c0896_flipv.png,896,1152,256
1,sih1733,train,data/processed/patches/sar/1_r1152_c0896_rot90.png,data/processed/patches/rgb/1_r1152_c0896_rot90.png,896,1152,256
1,sih1733,train,data/processed/patches/sar/1_r1152_c0896_rot180.png,data/processed/patches/rgb/1_r1152_c0896_rot180.png,896,1152,256
1,sih1733,train,data/processed/patches/sar/1_r1152_c0896_rot270.png,data/processed/patches/rgb/1_r1152_c0896_rot270.png,896,1152,256
1,sih1733,train,data/processed/patches/sar/1_r1152_c1024_orig.png,data/processed/patches/rgb/1_r1152_c1024_orig.png,1024,1152,256
1,sih1733,train,data/processed/patches/sar/1_r1152_c1024_fliph.png,data/processed/patches/rgb/1_r1152_c1024_fliph.png,1024,1152,256
1,sih1733,train,data/processed/patches/sar/1_r1152_c1024_flipv.png,data/processed/patches/rgb/1_r1152_c1024_flipv.png,1024,1152,256
1,sih1733,train,data/processed/patches/sar/1_r1152_c1024_rot90.png,data/processed/patches/rgb/1_r1152_c1024_rot90.png,1024,1152,256
1,sih1733,train,data/processed/patches/sar/1_r1152_c1024_rot180.png,data/processed/patches/rgb/1_r1152_c1024_rot180.png,1024,1152,256
1,sih1733,train,data/processed/patches/sar/1_r1152_c1024_rot270.png,data/processed/patches/rgb/1_r1152_c1024_rot270.png,1024,1152,256
1,sih1733,train,data/processed/patches/sar/1_r1152_c1152_orig.png,data/processed/patches/rgb/1_r1152_c1152_orig.png,1152,1152,256
1,sih1733,train,data/processed/patches/sar/1_r1152_c1152_fliph.png,data/processed/patches/rgb/1_r1152_c1152_fliph.png,1152,1152,256
1,sih1733,train,data/processed/patches/sar/1_r1152_c1152_flipv.png,data/processed/patches/rgb/1_r1152_c1152_flipv.png,1152,1152,256
1,sih1733,train,data/processed/patches/sar/1_r1152_c1152_rot90.png,data/processed/patches/rgb/1_r1152_c1152_rot90.png,1152,1152,256
1,sih1733,train,data/processed/patches/sar/1_r1152_c1152_rot180.png,data/processed/patches/rgb/1_r1152_c1152_rot180.png,1152,1152,256
1,sih1733,train,data/processed/patches/sar/1_r1152_c1152_rot270.png,data/processed/patches/rgb/1_r1152_c1152_rot270.png,1152,1152,256
1,sih1733,train,data/processed/patches/sar/1_r1152_c1280_orig.png,data/processed/patches/rgb/1_r1152_c1280_orig.png,1280,1152,256
1,sih1733,train,data/processed/patches/sar/1_r1152_c1280_fliph.png,data/processed/patches/rgb/1_r1152_c1280_fliph.png,1280,1152,256
1,sih1733,train,data/processed/patches/sar/1_r1152_c1280_flipv.png,data/processed/patches/rgb/1_r1152_c1280_flipv.png,1280,1152,256
1,sih1733,train,data/processed/patches/sar/1_r1152_c1280_rot90.png,data/processed/patches/rgb/1_r1152_c1280_rot90.png,1280,1152,256
1,sih1733,train,data/processed/patches/sar/1_r1152_c1280_rot180.png,data/processed/patches/rgb/1_r1152_c1280_rot180.png,1280,1152,256
1,sih1733,train,data/processed/patches/sar/1_r1152_c1280_rot270.png,data/processed/patches/rgb/1_r1152_c1280_rot270.png,1280,1152,256
1,sih1733,train,data/processed/patches/sar/1_r1152_c1408_orig.png,data/processed/patches/rgb/1_r1152_c1408_orig.png,1408,1152,256
1,sih1733,train,data/processed/patches/sar/1_r1152_c1408_fliph.png,data/processed/patches/rgb/1_r1152_c1408_fliph.png,1408,1152,256
1,sih1733,train,data/processed/patches/sar/1_r1152_c1408_flipv.png,data/processed/patches/rgb/1_r1152_c1408_flipv.png,1408,1152,256
1,sih1733,train,data/processed/patches/sar/1_r1152_c1408_rot90.png,data/processed/patches/rgb/1_r1152_c1408_rot90.png,1408,1152,256
1,sih1733,train,data/processed/patches/sar/1_r1152_c1408_rot180.png,data/processed/patches/rgb/1_r1152_c1408_rot180.png,1408,1152,256
1,sih1733,train,data/processed/patches/sar/1_r1152_c1408_rot270.png,data/processed/patches/rgb/1_r1152_c1408_rot270.png,1408,1152,256
1,sih1733,train,data/processed/patches/sar/1_r1152_c1536_orig.png,data/processed/patches/rgb/1_r1152_c1536_orig.png,1536,1152,256
1,sih1733,train,data/processed/patches/sar/1_r1152_c1536_fliph.png,data/processed/patches/rgb/1_r1152_c1536_fliph.png,1536,1152,256
1,sih1733,train,data/processed/patches/sar/1_r1152_c1536_flipv.png,data/processed/patches/rgb/1_r1152_c1536_flipv.png,1536,1152,256
1,sih1733,train,data/processed/patches/sar/1_r1152_c1536_rot90.png,data/processed/patches/rgb/1_r1152_c1536_rot90.png,1536,1152,256
1,sih1733,train,data/processed/patches/sar/1_r1152_c1536_rot180.png,data/processed/patches/rgb/1_r1152_c1536_rot180.png,1536,1152,256
1,sih1733,train,data/processed/patches/sar/1_r1152_c1536_rot270.png,data/processed/patches/rgb/1_r1152_c1536_rot270.png,1536,1152,256
1,sih1733,train,data/processed/patches/sar/1_r1152_c1664_orig.png,data/processed/patches/rgb/1_r1152_c1664_orig.png,1664,1152,256
1,sih1733,train,data/processed/patches/sar/1_r1152_c1664_fliph.png,data/processed/patches/rgb/1_r1152_c1664_fliph.png,1664,1152,256
1,sih1733,train,data/processed/patches/sar/1_r1152_c1664_flipv.png,data/processed/patches/rgb/1_r1152_c1664_flipv.png,1664,1152,256
1,sih1733,train,data/processed/patches/sar/1_r1152_c1664_rot90.png,data/processed/patches/rgb/1_r1152_c1664_rot90.png,1664,1152,256
1,sih1733,train,data/processed/patches/sar/1_r1152_c1664_rot180.png,data/processed/patches/rgb/1_r1152_c1664_rot180.png,1664,1152,256
1,sih1733,train,data/processed/patches/sar/1_r1152_c1664_rot270.png,data/processed/patches/rgb/1_r1152_c1664_rot270.png,1664,1152,256
1,sih1733,train,data/processed/patches/sar/1_r1152_c1792_orig.png,data/processed/patches/rgb/1_r1152_c1792_orig.png,1792,1152,256
1,sih1733,train,data/processed/patches/sar/1_r1152_c1792_fliph.png,data/processed/patches/rgb/1_r1152_c1792_fliph.png,1792,1152,256
1,sih1733,train,data/processed/patches/sar/1_r1152_c1792_flipv.png,data/processed/patches/rgb/1_r1152_c1792_flipv.png,1792,1152,256
1,sih1733,train,data/processed/patches/sar/1_r1152_c1792_rot90.png,data/processed/patches/rgb/1_r1152_c1792_rot90.png,1792,1152,256
1,sih1733,train,data/processed/patches/sar/1_r1152_c1792_rot180.png,data/processed/patches/rgb/1_r1152_c1792_rot180.png,1792,1152,256
1,sih1733,train,data/processed/patches/sar/1_r1152_c1792_rot270.png,data/processed/patches/rgb/1_r1152_c1792_rot270.png,1792,1152,256
1,sih1733,train,data/processed/patches/sar/1_r1152_c1920_orig.png,data/processed/patches/rgb/1_r1152_c1920_orig.png,1920,1152,256
1,sih1733,train,data/processed/patches/sar/1_r1152_c1920_fliph.png,data/processed/patches/rgb/1_r1152_c1920_fliph.png,1920,1152,256
1,sih1733,train,data/processed/patches/sar/1_r1152_c1920_flipv.png,data/processed/patches/rgb/1_r1152_c1920_flipv.png,1920,1152,256
1,sih1733,train,data/processed/patches/sar/1_r1152_c1920_rot90.png,data/processed/patches/rgb/1_r1152_c1920_rot90.png,1920,1152,256
1,sih1733,train,data/processed/patches/sar/1_r1152_c1920_rot180.png,data/processed/patches/rgb/1_r1152_c1920_rot180.png,1920,1152,256
1,sih1733,train,data/processed/patches/sar/1_r1152_c1920_rot270.png,data/processed/patches/rgb/1_r1152_c1920_rot270.png,1920,1152,256
1,sih1733,train,data/processed/patches/sar/1_r1152_c2048_orig.png,data/processed/patches/rgb/1_r1152_c2048_orig.png,2048,1152,256
1,sih1733,train,data/processed/patches/sar/1_r1152_c2048_fliph.png,data/processed/patches/rgb/1_r1152_c2048_fliph.png,2048,1152,256
1,sih1733,train,data/processed/patches/sar/1_r1152_c2048_flipv.png,data/processed/patches/rgb/1_r1152_c2048_flipv.png,2048,1152,256
1,sih1733,train,data/processed/patches/sar/1_r1152_c2048_rot90.png,data/processed/patches/rgb/1_r1152_c2048_rot90.png,2048,1152,256
1,sih1733,train,data/processed/patches/sar/1_r1152_c2048_rot180.png,data/processed/patches/rgb/1_r1152_c2048_rot180.png,2048,1152,256
1,sih1733,train,data/processed/patches/sar/1_r1152_c2048_rot270.png,data/processed/patches/rgb/1_r1152_c2048_rot270.png,2048,1152,256
1,sih1733,train,data/processed/patches/sar/1_r1152_c2176_orig.png,data/processed/patches/rgb/1_r1152_c2176_orig.png,2176,1152,256
1,sih1733,train,data/processed/patches/sar/1_r1152_c2176_fliph.png,data/processed/patches/rgb/1_r1152_c2176_fliph.png,2176,1152,256
1,sih1733,train,data/processed/patches/sar/1_r1152_c2176_flipv.png,data/processed/patches/rgb/1_r1152_c2176_flipv.png,2176,1152,256
1,sih1733,train,data/processed/patches/sar/1_r1152_c2176_rot90.png,data/processed/patches/rgb/1_r1152_c2176_rot90.png,2176,1152,256
1,sih1733,train,data/processed/patches/sar/1_r1152_c2176_rot180.png,data/processed/patches/rgb/1_r1152_c2176_rot180.png,2176,1152,256
1,sih1733,train,data/processed/patches/sar/1_r1152_c2176_rot270.png,data/processed/patches/rgb/1_r1152_c2176_rot270.png,2176,1152,256
1,sih1733,train,data/processed/patches/sar/1_r1280_c0000_orig.png,data/processed/patches/rgb/1_r1280_c0000_orig.png,0,1280,256
1,sih1733,train,data/processed/patches/sar/1_r1280_c0000_fliph.png,data/processed/patches/rgb/1_r1280_c0000_fliph.png,0,1280,256
1,sih1733,train,data/processed/patches/sar/1_r1280_c0000_flipv.png,data/processed/patches/rgb/1_r1280_c0000_flipv.png,0,1280,256
1,sih1733,train,data/processed/patches/sar/1_r1280_c0000_rot90.png,data/processed/patches/rgb/1_r1280_c0000_rot90.png,0,1280,256
1,sih1733,train,data/processed/patches/sar/1_r1280_c0000_rot180.png,data/processed/patches/rgb/1_r1280_c0000_rot180.png,0,1280,256
1,sih1733,train,data/processed/patches/sar/1_r1280_c0000_rot270.png,data/processed/patches/rgb/1_r1280_c0000_rot270.png,0,1280,256
1,sih1733,train,data/processed/patches/sar/1_r1280_c0128_orig.png,data/processed/patches/rgb/1_r1280_c0128_orig.png,128,1280,256
1,sih1733,train,data/processed/patches/sar/1_r1280_c0128_fliph.png,data/processed/patches/rgb/1_r1280_c0128_fliph.png,128,1280,256
1,sih1733,train,data/processed/patches/sar/1_r1280_c0128_flipv.png,data/processed/patches/rgb/1_r1280_c0128_flipv.png,128,1280,256
1,sih1733,train,data/processed/patches/sar/1_r1280_c0128_rot90.png,data/processed/patches/rgb/1_r1280_c0128_rot90.png,128,1280,256
1,sih1733,train,data/processed/patches/sar/1_r1280_c0128_rot180.png,data/processed/patches/rgb/1_r1280_c0128_rot180.png,128,1280,256
1,sih1733,train,data/processed/patches/sar/1_r1280_c0128_rot270.png,data/processed/patches/rgb/1_r1280_c0128_rot270.png,128,1280,256
1,sih1733,train,data/processed/patches/sar/1_r1280_c0256_orig.png,data/processed/patches/rgb/1_r1280_c0256_orig.png,256,1280,256
1,sih1733,train,data/processed/patches/sar/1_r1280_c0256_fliph.png,data/processed/patches/rgb/1_r1280_c0256_fliph.png,256,1280,256
1,sih1733,train,data/processed/patches/sar/1_r1280_c0256_flipv.png,data/processed/patches/rgb/1_r1280_c0256_flipv.png,256,1280,256
1,sih1733,train,data/processed/patches/sar/1_r1280_c0256_rot90.png,data/processed/patches/rgb/1_r1280_c0256_rot90.png,256,1280,256
1,sih1733,train,data/processed/patches/sar/1_r1280_c0256_rot180.png,data/processed/patches/rgb/1_r1280_c0256_rot180.png,256,1280,256
1,sih1733,train,data/processed/patches/sar/1_r1280_c0256_rot270.png,data/processed/patches/rgb/1_r1280_c0256_rot270.png,256,1280,256
1,sih1733,train,data/processed/patches/sar/1_r1280_c0384_orig.png,data/processed/patches/rgb/1_r1280_c0384_orig.png,384,1280,256
1,sih1733,train,data/processed/patches/sar/1_r1280_c0384_fliph.png,data/processed/patches/rgb/1_r1280_c0384_fliph.png,384,1280,256
1,sih1733,train,data/processed/patches/sar/1_r1280_c0384_flipv.png,data/processed/patches/rgb/1_r1280_c0384_flipv.png,384,1280,256
1,sih1733,train,data/processed/patches/sar/1_r1280_c0384_rot90.png,data/processed/patches/rgb/1_r1280_c0384_rot90.png,384,1280,256
1,sih1733,train,data/processed/patches/sar/1_r1280_c0384_rot180.png,data/processed/patches/rgb/1_r1280_c0384_rot180.png,384,1280,256
1,sih1733,train,data/processed/patches/sar/1_r1280_c0384_rot270.png,data/processed/patches/rgb/1_r1280_c0384_rot270.png,384,1280,256
1,sih1733,train,data/processed/patches/sar/1_r1280_c0512_orig.png,data/processed/patches/rgb/1_r1280_c0512_orig.png,512,1280,256
1,sih1733,train,data/processed/patches/sar/1_r1280_c0512_fliph.png,data/processed/patches/rgb/1_r1280_c0512_fliph.png,512,1280,256
1,sih1733,train,data/processed/patches/sar/1_r1280_c0512_flipv.png,data/processed/patches/rgb/1_r1280_c0512_flipv.png,512,1280,256
1,sih1733,train,data/processed/patches/sar/1_r1280_c0512_rot90.png,data/processed/patches/rgb/1_r1280_c0512_rot90.png,512,1280,256
1,sih1733,train,data/processed/patches/sar/1_r1280_c0512_rot180.png,data/processed/patches/rgb/1_r1280_c0512_rot180.png,512,1280,256
1,sih1733,train,data/processed/patches/sar/1_r1280_c0512_rot270.png,data/processed/patches/rgb/1_r1280_c0512_rot270.png,512,1280,256
1,sih1733,train,data/processed/patches/sar/1_r1280_c0640_orig.png,data/processed/patches/rgb/1_r1280_c0640_orig.png,640,1280,256
1,sih1733,train,data/processed/patches/sar/1_r1280_c0640_fliph.png,data/processed/patches/rgb/1_r1280_c0640_fliph.png,640,1280,256
1,sih1733,train,data/processed/patches/sar/1_r1280_c0640_flipv.png,data/processed/patches/rgb/1_r1280_c0640_flipv.png,640,1280,256
1,sih1733,train,data/processed/patches/sar/1_r1280_c0640_rot90.png,data/processed/patches/rgb/1_r1280_c0640_rot90.png,640,1280,256
1,sih1733,train,data/processed/patches/sar/1_r1280_c0640_rot180.png,data/processed/patches/rgb/1_r1280_c0640_rot180.png,640,1280,256
1,sih1733,train,data/processed/patches/sar/1_r1280_c0640_rot270.png,data/processed/patches/rgb/1_r1280_c0640_rot270.png,640,1280,256
1,sih1733,train,data/processed/patches/sar/1_r1280_c0768_orig.png,data/processed/patches/rgb/1_r1280_c0768_orig.png,768,1280,256
1,sih1733,train,data/processed/patches/sar/1_r1280_c0768_fliph.png,data/processed/patches/rgb/1_r1280_c0768_fliph.png,768,1280,256
1,sih1733,train,data/processed/patches/sar/1_r1280_c0768_flipv.png,data/processed/patches/rgb/1_r1280_c0768_flipv.png,768,1280,256
1,sih1733,train,data/processed/patches/sar/1_r1280_c0768_rot90.png,data/processed/patches/rgb/1_r1280_c0768_rot90.png,768,1280,256
1,sih1733,train,data/processed/patches/sar/1_r1280_c0768_rot180.png,data/processed/patches/rgb/1_r1280_c0768_rot180.png,768,1280,256
1,sih1733,train,data/processed/patches/sar/1_r1280_c0768_rot270.png,data/processed/patches/rgb/1_r1280_c0768_rot270.png,768,1280,256
1,sih1733,train,data/processed/patches/sar/1_r1280_c0896_orig.png,data/processed/patches/rgb/1_r1280_c0896_orig.png,896,1280,256
1,sih1733,train,data/processed/patches/sar/1_r1280_c0896_fliph.png,data/processed/patches/rgb/1_r1280_c0896_fliph.png,896,1280,256
1,sih1733,train,data/processed/patches/sar/1_r1280_c0896_flipv.png,data/processed/patches/rgb/1_r1280_c0896_flipv.png,896,1280,256
1,sih1733,train,data/processed/patches/sar/1_r1280_c0896_rot90.png,data/processed/patches/rgb/1_r1280_c0896_rot90.png,896,1280,256
1,sih1733,train,data/processed/patches/sar/1_r1280_c0896_rot180.png,data/processed/patches/rgb/1_r1280_c0896_rot180.png,896,1280,256
1,sih1733,train,data/processed/patches/sar/1_r1280_c0896_rot270.png,data/processed/patches/rgb/1_r1280_c0896_rot270.png,896,1280,256
1,sih1733,train,data/processed/patches/sar/1_r1280_c1024_orig.png,data/processed/patches/rgb/1_r1280_c1024_orig.png,1024,1280,256
1,sih1733,train,data/processed/patches/sar/1_r1280_c1024_fliph.png,data/processed/patches/rgb/1_r1280_c1024_fliph.png,1024,1280,256
1,sih1733,train,data/processed/patches/sar/1_r1280_c1024_flipv.png,data/processed/patches/rgb/1_r1280_c1024_flipv.png,1024,1280,256
1,sih1733,train,data/processed/patches/sar/1_r1280_c1024_rot90.png,data/processed/patches/rgb/1_r1280_c1024_rot90.png,1024,1280,256
1,sih1733,train,data/processed/patches/sar/1_r1280_c1024_rot180.png,data/processed/patches/rgb/1_r1280_c1024_rot180.png,1024,1280,256
1,sih1733,train,data/processed/patches/sar/1_r1280_c1024_rot270.png,data/processed/patches/rgb/1_r1280_c1024_rot270.png,1024,1280,256
1,sih1733,train,data/processed/patches/sar/1_r1280_c1152_orig.png,data/processed/patches/rgb/1_r1280_c1152_orig.png,1152,1280,256
1,sih1733,train,data/processed/patches/sar/1_r1280_c1152_fliph.png,data/processed/patches/rgb/1_r1280_c1152_fliph.png,1152,1280,256
1,sih1733,train,data/processed/patches/sar/1_r1280_c1152_flipv.png,data/processed/patches/rgb/1_r1280_c1152_flipv.png,1152,1280,256
1,sih1733,train,data/processed/patches/sar/1_r1280_c1152_rot90.png,data/processed/patches/rgb/1_r1280_c1152_rot90.png,1152,1280,256
1,sih1733,train,data/processed/patches/sar/1_r1280_c1152_rot180.png,data/processed/patches/rgb/1_r1280_c1152_rot180.png,1152,1280,256
1,sih1733,train,data/processed/patches/sar/1_r1280_c1152_rot270.png,data/processed/patches/rgb/1_r1280_c1152_rot270.png,1152,1280,256
1,sih1733,train,data/processed/patches/sar/1_r1280_c1280_orig.png,data/processed/patches/rgb/1_r1280_c1280_orig.png,1280,1280,256
1,sih1733,train,data/processed/patches/sar/1_r1280_c1280_fliph.png,data/processed/patches/rgb/1_r1280_c1280_fliph.png,1280,1280,256
1,sih1733,train,data/processed/patches/sar/1_r1280_c1280_flipv.png,data/processed/patches/rgb/1_r1280_c1280_flipv.png,1280,1280,256
1,sih1733,train,data/processed/patches/sar/1_r1280_c1280_rot90.png,data/processed/patches/rgb/1_r1280_c1280_rot90.png,1280,1280,256
1,sih1733,train,data/processed/patches/sar/1_r1280_c1280_rot180.png,data/processed/patches/rgb/1_r1280_c1280_rot180.png,1280,1280,256
1,sih1733,train,data/processed/patches/sar/1_r1280_c1280_rot270.png,data/processed/patches/rgb/1_r1280_c1280_rot270.png,1280,1280,256
1,sih1733,train,data/processed/patches/sar/1_r1280_c1408_orig.png,data/processed/patches/rgb/1_r1280_c1408_orig.png,1408,1280,256
1,sih1733,train,data/processed/patches/sar/1_r1280_c1408_fliph.png,data/processed/patches/rgb/1_r1280_c1408_fliph.png,1408,1280,256
1,sih1733,train,data/processed/patches/sar/1_r1280_c1408_flipv.png,data/processed/patches/rgb/1_r1280_c1408_flipv.png,1408,1280,256
1,sih1733,train,data/processed/patches/sar/1_r1280_c1408_rot90.png,data/processed/patches/rgb/1_r1280_c1408_rot90.png,1408,1280,256
1,sih1733,train,data/processed/patches/sar/1_r1280_c1408_rot180.png,data/processed/patches/rgb/1_r1280_c1408_rot180.png,1408,1280,256
1,sih1733,train,data/processed/patches/sar/1_r1280_c1408_rot270.png,data/processed/patches/rgb/1_r1280_c1408_rot270.png,1408,1280,256
1,sih1733,train,data/processed/patches/sar/1_r1280_c1536_orig.png,data/processed/patches/rgb/1_r1280_c1536_orig.png,1536,1280,256
1,sih1733,train,data/processed/patches/sar/1_r1280_c1536_fliph.png,data/processed/patches/rgb/1_r1280_c1536_fliph.png,1536,1280,256
1,sih1733,train,data/processed/patches/sar/1_r1280_c1536_flipv.png,data/processed/patches/rgb/1_r1280_c1536_flipv.png,1536,1280,256
1,sih1733,train,data/processed/patches/sar/1_r1280_c1536_rot90.png,data/processed/patches/rgb/1_r1280_c1536_rot90.png,1536,1280,256
1,sih1733,train,data/processed/patches/sar/1_r1280_c1536_rot180.png,data/processed/patches/rgb/1_r1280_c1536_rot180.png,1536,1280,256
1,sih1733,train,data/processed/patches/sar/1_r1280_c1536_rot270.png,data/processed/patches/rgb/1_r1280_c1536_rot270.png,1536,1280,256
1,sih1733,train,data/processed/patches/sar/1_r1280_c1664_orig.png,data/processed/patches/rgb/1_r1280_c1664_orig.png,1664,1280,256
1,sih1733,train,data/processed/patches/sar/1_r1280_c1664_fliph.png,data/processed/patches/rgb/1_r1280_c1664_fliph.png,1664,1280,256
1,sih1733,train,data/processed/patches/sar/1_r1280_c1664_flipv.png,data/processed/patches/rgb/1_r1280_c1664_flipv.png,1664,1280,256
1,sih1733,train,data/processed/patches/sar/1_r1280_c1664_rot90.png,data/processed/patches/rgb/1_r1280_c1664_rot90.png,1664,1280,256
1,sih1733,train,data/processed/patches/sar/1_r1280_c1664_rot180.png,data/processed/patches/rgb/1_r1280_c1664_rot180.png,1664,1280,256
1,sih1733,train,data/processed/patches/sar/1_r1280_c1664_rot270.png,data/processed/patches/rgb/1_r1280_c1664_rot270.png,1664,1280,256
1,sih1733,train,data/processed/patches/sar/1_r1280_c1792_orig.png,data/processed/patches/rgb/1_r1280_c1792_orig.png,1792,1280,256
1,sih1733,train,data/processed/patches/sar/1_r1280_c1792_fliph.png,data/processed/patches/rgb/1_r1280_c1792_fliph.png,1792,1280,256
1,sih1733,train,data/processed/patches/sar/1_r1280_c1792_flipv.png,data/processed/patches/rgb/1_r1280_c1792_flipv.png,1792,1280,256
1,sih1733,train,data/processed/patches/sar/1_r1280_c1792_rot90.png,data/processed/patches/rgb/1_r1280_c1792_rot90.png,1792,1280,256
1,sih1733,train,data/processed/patches/sar/1_r1280_c1792_rot180.png,data/processed/patches/rgb/1_r1280_c1792_rot180.png,1792,1280,256
1,sih1733,train,data/processed/patches/sar/1_r1280_c1792_rot270.png,data/processed/patches/rgb/1_r1280_c1792_rot270.png,1792,1280,256
1,sih1733,train,data/processed/patches/sar/1_r1280_c1920_orig.png,data/processed/patches/rgb/1_r1280_c1920_orig.png,1920,1280,256
1,sih1733,train,data/processed/patches/sar/1_r1280_c1920_fliph.png,data/processed/patches/rgb/1_r1280_c1920_fliph.png,1920,1280,256
1,sih1733,train,data/processed/patches/sar/1_r1280_c1920_flipv.png,data/processed/patches/rgb/1_r1280_c1920_flipv.png,1920,1280,256
1,sih1733,train,data/processed/patches/sar/1_r1280_c1920_rot90.png,data/processed/patches/rgb/1_r1280_c1920_rot90.png,1920,1280,256
1,sih1733,train,data/processed/patches/sar/1_r1280_c1920_rot180.png,data/processed/patches/rgb/1_r1280_c1920_rot180.png,1920,1280,256
1,sih1733,train,data/processed/patches/sar/1_r1280_c1920_rot270.png,data/processed/patches/rgb/1_r1280_c1920_rot270.png,1920,1280,256
1,sih1733,train,data/processed/patches/sar/1_r1280_c2048_orig.png,data/processed/patches/rgb/1_r1280_c2048_orig.png,2048,1280,256
1,sih1733,train,data/processed/patches/sar/1_r1280_c2048_fliph.png,data/processed/patches/rgb/1_r1280_c2048_fliph.png,2048,1280,256
1,sih1733,train,data/processed/patches/sar/1_r1280_c2048_flipv.png,data/processed/patches/rgb/1_r1280_c2048_flipv.png,2048,1280,256
1,sih1733,train,data/processed/patches/sar/1_r1280_c2048_rot90.png,data/processed/patches/rgb/1_r1280_c2048_rot90.png,2048,1280,256
1,sih1733,train,data/processed/patches/sar/1_r1280_c2048_rot180.png,data/processed/patches/rgb/1_r1280_c2048_rot180.png,2048,1280,256
1,sih1733,train,data/processed/patches/sar/1_r1280_c2048_rot270.png,data/processed/patches/rgb/1_r1280_c2048_rot270.png,2048,1280,256
1,sih1733,train,data/processed/patches/sar/1_r1280_c2176_orig.png,data/processed/patches/rgb/1_r1280_c2176_orig.png,2176,1280,256
1,sih1733,train,data/processed/patches/sar/1_r1280_c2176_fliph.png,data/processed/patches/rgb/1_r1280_c2176_fliph.png,2176,1280,256
1,sih1733,train,data/processed/patches/sar/1_r1280_c2176_flipv.png,data/processed/patches/rgb/1_r1280_c2176_flipv.png,2176,1280,256
1,sih1733,train,data/processed/patches/sar/1_r1280_c2176_rot90.png,data/processed/patches/rgb/1_r1280_c2176_rot90.png,2176,1280,256
1,sih1733,train,data/processed/patches/sar/1_r1280_c2176_rot180.png,data/processed/patches/rgb/1_r1280_c2176_rot180.png,2176,1280,256
1,sih1733,train,data/processed/patches/sar/1_r1280_c2176_rot270.png,data/processed/patches/rgb/1_r1280_c2176_rot270.png,2176,1280,256
1,sih1733,train,data/processed/patches/sar/1_r1408_c0000_orig.png,data/processed/patches/rgb/1_r1408_c0000_orig.png,0,1408,256
1,sih1733,train,data/processed/patches/sar/1_r1408_c0000_fliph.png,data/processed/patches/rgb/1_r1408_c0000_fliph.png,0,1408,256
1,sih1733,train,data/processed/patches/sar/1_r1408_c0000_flipv.png,data/processed/patches/rgb/1_r1408_c0000_flipv.png,0,1408,256
1,sih1733,train,data/processed/patches/sar/1_r1408_c0000_rot90.png,data/processed/patches/rgb/1_r1408_c0000_rot90.png,0,1408,256
1,sih1733,train,data/processed/patches/sar/1_r1408_c0000_rot180.png,data/processed/patches/rgb/1_r1408_c0000_rot180.png,0,1408,256
1,sih1733,train,data/processed/patches/sar/1_r1408_c0000_rot270.png,data/processed/patches/rgb/1_r1408_c0000_rot270.png,0,1408,256
1,sih1733,train,data/processed/patches/sar/1_r1408_c0128_orig.png,data/processed/patches/rgb/1_r1408_c0128_orig.png,128,1408,256
1,sih1733,train,data/processed/patches/sar/1_r1408_c0128_fliph.png,data/processed/patches/rgb/1_r1408_c0128_fliph.png,128,1408,256
1,sih1733,train,data/processed/patches/sar/1_r1408_c0128_flipv.png,data/processed/patches/rgb/1_r1408_c0128_flipv.png,128,1408,256
1,sih1733,train,data/processed/patches/sar/1_r1408_c0128_rot90.png,data/processed/patches/rgb/1_r1408_c0128_rot90.png,128,1408,256
1,sih1733,train,data/processed/patches/sar/1_r1408_c0128_rot180.png,data/processed/patches/rgb/1_r1408_c0128_rot180.png,128,1408,256
1,sih1733,train,data/processed/patches/sar/1_r1408_c0128_rot270.png,data/processed/patches/rgb/1_r1408_c0128_rot270.png,128,1408,256
1,sih1733,train,data/processed/patches/sar/1_r1408_c0256_orig.png,data/processed/patches/rgb/1_r1408_c0256_orig.png,256,1408,256
1,sih1733,train,data/processed/patches/sar/1_r1408_c0256_fliph.png,data/processed/patches/rgb/1_r1408_c0256_fliph.png,256,1408,256
1,sih1733,train,data/processed/patches/sar/1_r1408_c0256_flipv.png,data/processed/patches/rgb/1_r1408_c0256_flipv.png,256,1408,256
1,sih1733,train,data/processed/patches/sar/1_r1408_c0256_rot90.png,data/processed/patches/rgb/1_r1408_c0256_rot90.png,256,1408,256
1,sih1733,train,data/processed/patches/sar/1_r1408_c0256_rot180.png,data/processed/patches/rgb/1_r1408_c0256_rot180.png,256,1408,256
1,sih1733,train,data/processed/patches/sar/1_r1408_c0256_rot270.png,data/processed/patches/rgb/1_r1408_c0256_rot270.png,256,1408,256
1,sih1733,train,data/processed/patches/sar/1_r1408_c0384_orig.png,data/processed/patches/rgb/1_r1408_c0384_orig.png,384,1408,256
1,sih1733,train,data/processed/patches/sar/1_r1408_c0384_fliph.png,data/processed/patches/rgb/1_r1408_c0384_fliph.png,384,1408,256
1,sih1733,train,data/processed/patches/sar/1_r1408_c0384_flipv.png,data/processed/patches/rgb/1_r1408_c0384_flipv.png,384,1408,256
1,sih1733,train,data/processed/patches/sar/1_r1408_c0384_rot90.png,data/processed/patches/rgb/1_r1408_c0384_rot90.png,384,1408,256
1,sih1733,train,data/processed/patches/sar/1_r1408_c0384_rot180.png,data/processed/patches/rgb/1_r1408_c0384_rot180.png,384,1408,256
1,sih1733,train,data/processed/patches/sar/1_r1408_c0384_rot270.png,data/processed/patches/rgb/1_r1408_c0384_rot270.png,384,1408,256
1,sih1733,train,data/processed/patches/sar/1_r1408_c0512_orig.png,data/processed/patches/rgb/1_r1408_c0512_orig.png,512,1408,256
1,sih1733,train,data/processed/patches/sar/1_r1408_c0512_fliph.png,data/processed/patches/rgb/1_r1408_c0512_fliph.png,512,1408,256
1,sih1733,train,data/processed/patches/sar/1_r1408_c0512_flipv.png,data/processed/patches/rgb/1_r1408_c0512_flipv.png,512,1408,256
1,sih1733,train,data/processed/patches/sar/1_r1408_c0512_rot90.png,data/processed/patches/rgb/1_r1408_c0512_rot90.png,512,1408,256
1,sih1733,train,data/processed/patches/sar/1_r1408_c0512_rot180.png,data/processed/patches/rgb/1_r1408_c0512_rot180.png,512,1408,256
1,sih1733,train,data/processed/patches/sar/1_r1408_c0512_rot270.png,data/processed/patches/rgb/1_r1408_c0512_rot270.png,512,1408,256
1,sih1733,train,data/processed/patches/sar/1_r1408_c0640_orig.png,data/processed/patches/rgb/1_r1408_c0640_orig.png,640,1408,256
1,sih1733,train,data/processed/patches/sar/1_r1408_c0640_fliph.png,data/processed/patches/rgb/1_r1408_c0640_fliph.png,640,1408,256
1,sih1733,train,data/processed/patches/sar/1_r1408_c0640_flipv.png,data/processed/patches/rgb/1_r1408_c0640_flipv.png,640,1408,256
1,sih1733,train,data/processed/patches/sar/1_r1408_c0640_rot90.png,data/processed/patches/rgb/1_r1408_c0640_rot90.png,640,1408,256
1,sih1733,train,data/processed/patches/sar/1_r1408_c0640_rot180.png,data/processed/patches/rgb/1_r1408_c0640_rot180.png,640,1408,256
1,sih1733,train,data/processed/patches/sar/1_r1408_c0640_rot270.png,data/processed/patches/rgb/1_r1408_c0640_rot270.png,640,1408,256
1,sih1733,train,data/processed/patches/sar/1_r1408_c0768_orig.png,data/processed/patches/rgb/1_r1408_c0768_orig.png,768,1408,256
1,sih1733,train,data/processed/patches/sar/1_r1408_c0768_fliph.png,data/processed/patches/rgb/1_r1408_c0768_fliph.png,768,1408,256
1,sih1733,train,data/processed/patches/sar/1_r1408_c0768_flipv.png,data/processed/patches/rgb/1_r1408_c0768_flipv.png,768,1408,256
1,sih1733,train,data/processed/patches/sar/1_r1408_c0768_rot90.png,data/processed/patches/rgb/1_r1408_c0768_rot90.png,768,1408,256
1,sih1733,train,data/processed/patches/sar/1_r1408_c0768_rot180.png,data/processed/patches/rgb/1_r1408_c0768_rot180.png,768,1408,256
1,sih1733,train,data/processed/patches/sar/1_r1408_c0768_rot270.png,data/processed/patches/rgb/1_r1408_c0768_rot270.png,768,1408,256
1,sih1733,train,data/processed/patches/sar/1_r1408_c0896_orig.png,data/processed/patches/rgb/1_r1408_c0896_orig.png,896,1408,256
1,sih1733,train,data/processed/patches/sar/1_r1408_c0896_fliph.png,data/processed/patches/rgb/1_r1408_c0896_fliph.png,896,1408,256
1,sih1733,train,data/processed/patches/sar/1_r1408_c0896_flipv.png,data/processed/patches/rgb/1_r1408_c0896_flipv.png,896,1408,256
1,sih1733,train,data/processed/patches/sar/1_r1408_c0896_rot90.png,data/processed/patches/rgb/1_r1408_c0896_rot90.png,896,1408,256
1,sih1733,train,data/processed/patches/sar/1_r1408_c0896_rot180.png,data/processed/patches/rgb/1_r1408_c0896_rot180.png,896,1408,256
1,sih1733,train,data/processed/patches/sar/1_r1408_c0896_rot270.png,data/processed/patches/rgb/1_r1408_c0896_rot270.png,896,1408,256
1,sih1733,train,data/processed/patches/sar/1_r1408_c1024_orig.png,data/processed/patches/rgb/1_r1408_c1024_orig.png,1024,1408,256
1,sih1733,train,data/processed/patches/sar/1_r1408_c1024_fliph.png,data/processed/patches/rgb/1_r1408_c1024_fliph.png,1024,1408,256
1,sih1733,train,data/processed/patches/sar/1_r1408_c1024_flipv.png,data/processed/patches/rgb/1_r1408_c1024_flipv.png,1024,1408,256
1,sih1733,train,data/processed/patches/sar/1_r1408_c1024_rot90.png,data/processed/patches/rgb/1_r1408_c1024_rot90.png,1024,1408,256
1,sih1733,train,data/processed/patches/sar/1_r1408_c1024_rot180.png,data/processed/patches/rgb/1_r1408_c1024_rot180.png,1024,1408,256
1,sih1733,train,data/processed/patches/sar/1_r1408_c1024_rot270.png,data/processed/patches/rgb/1_r1408_c1024_rot270.png,1024,1408,256
1,sih1733,train,data/processed/patches/sar/1_r1408_c1152_orig.png,data/processed/patches/rgb/1_r1408_c1152_orig.png,1152,1408,256
1,sih1733,train,data/processed/patches/sar/1_r1408_c1152_fliph.png,data/processed/patches/rgb/1_r1408_c1152_fliph.png,1152,1408,256
1,sih1733,train,data/processed/patches/sar/1_r1408_c1152_flipv.png,data/processed/patches/rgb/1_r1408_c1152_flipv.png,1152,1408,256
1,sih1733,train,data/processed/patches/sar/1_r1408_c1152_rot90.png,data/processed/patches/rgb/1_r1408_c1152_rot90.png,1152,1408,256
1,sih1733,train,data/processed/patches/sar/1_r1408_c1152_rot180.png,data/processed/patches/rgb/1_r1408_c1152_rot180.png,1152,1408,256
1,sih1733,train,data/processed/patches/sar/1_r1408_c1152_rot270.png,data/processed/patches/rgb/1_r1408_c1152_rot270.png,1152,1408,256
1,sih1733,train,data/processed/patches/sar/1_r1408_c1280_orig.png,data/processed/patches/rgb/1_r1408_c1280_orig.png,1280,1408,256
1,sih1733,train,data/processed/patches/sar/1_r1408_c1280_fliph.png,data/processed/patches/rgb/1_r1408_c1280_fliph.png,1280,1408,256
1,sih1733,train,data/processed/patches/sar/1_r1408_c1280_flipv.png,data/processed/patches/rgb/1_r1408_c1280_flipv.png,1280,1408,256
1,sih1733,train,data/processed/patches/sar/1_r1408_c1280_rot90.png,data/processed/patches/rgb/1_r1408_c1280_rot90.png,1280,1408,256
1,sih1733,train,data/processed/patches/sar/1_r1408_c1280_rot180.png,data/processed/patches/rgb/1_r1408_c1280_rot180.png,1280,1408,256
1,sih1733,train,data/processed/patches/sar/1_r1408_c1280_rot270.png,data/processed/patches/rgb/1_r1408_c1280_rot270.png,1280,1408,256
1,sih1733,train,data/processed/patches/sar/1_r1408_c1408_orig.png,data/processed/patches/rgb/1_r1408_c1408_orig.png,1408,1408,256
1,sih1733,train,data/processed/patches/sar/1_r1408_c1408_fliph.png,data/processed/patches/rgb/1_r1408_c1408_fliph.png,1408,1408,256
1,sih1733,train,data/processed/patches/sar/1_r1408_c1408_flipv.png,data/processed/patches/rgb/1_r1408_c1408_flipv.png,1408,1408,256
1,sih1733,train,data/processed/patches/sar/1_r1408_c1408_rot90.png,data/processed/patches/rgb/1_r1408_c1408_rot90.png,1408,1408,256
1,sih1733,train,data/processed/patches/sar/1_r1408_c1408_rot180.png,data/processed/patches/rgb/1_r1408_c1408_rot180.png,1408,1408,256
1,sih1733,train,data/processed/patches/sar/1_r1408_c1408_rot270.png,data/processed/patches/rgb/1_r1408_c1408_rot270.png,1408,1408,256
1,sih1733,train,data/processed/patches/sar/1_r1408_c1536_orig.png,data/processed/patches/rgb/1_r1408_c1536_orig.png,1536,1408,256
1,sih1733,train,data/processed/patches/sar/1_r1408_c1536_fliph.png,data/processed/patches/rgb/1_r1408_c1536_fliph.png,1536,1408,256
1,sih1733,train,data/processed/patches/sar/1_r1408_c1536_flipv.png,data/processed/patches/rgb/1_r1408_c1536_flipv.png,1536,1408,256
1,sih1733,train,data/processed/patches/sar/1_r1408_c1536_rot90.png,data/processed/patches/rgb/1_r1408_c1536_rot90.png,1536,1408,256
1,sih1733,train,data/processed/patches/sar/1_r1408_c1536_rot180.png,data/processed/patches/rgb/1_r1408_c1536_rot180.png,1536,1408,256
1,sih1733,train,data/processed/patches/sar/1_r1408_c1536_rot270.png,data/processed/patches/rgb/1_r1408_c1536_rot270.png,1536,1408,256
1,sih1733,train,data/processed/patches/sar/1_r1408_c1664_orig.png,data/processed/patches/rgb/1_r1408_c1664_orig.png,1664,1408,256
1,sih1733,train,data/processed/patches/sar/1_r1408_c1664_fliph.png,data/processed/patches/rgb/1_r1408_c1664_fliph.png,1664,1408,256
1,sih1733,train,data/processed/patches/sar/1_r1408_c1664_flipv.png,data/processed/patches/rgb/1_r1408_c1664_flipv.png,1664,1408,256
1,sih1733,train,data/processed/patches/sar/1_r1408_c1664_rot90.png,data/processed/patches/rgb/1_r1408_c1664_rot90.png,1664,1408,256
1,sih1733,train,data/processed/patches/sar/1_r1408_c1664_rot180.png,data/processed/patches/rgb/1_r1408_c1664_rot180.png,1664,1408,256
1,sih1733,train,data/processed/patches/sar/1_r1408_c1664_rot270.png,data/processed/patches/rgb/1_r1408_c1664_rot270.png,1664,1408,256
1,sih1733,train,data/processed/patches/sar/1_r1408_c1792_orig.png,data/processed/patches/rgb/1_r1408_c1792_orig.png,1792,1408,256
1,sih1733,train,data/processed/patches/sar/1_r1408_c1792_fliph.png,data/processed/patches/rgb/1_r1408_c1792_fliph.png,1792,1408,256
1,sih1733,train,data/processed/patches/sar/1_r1408_c1792_flipv.png,data/processed/patches/rgb/1_r1408_c1792_flipv.png,1792,1408,256
1,sih1733,train,data/processed/patches/sar/1_r1408_c1792_rot90.png,data/processed/patches/rgb/1_r1408_c1792_rot90.png,1792,1408,256
1,sih1733,train,data/processed/patches/sar/1_r1408_c1792_rot180.png,data/processed/patches/rgb/1_r1408_c1792_rot180.png,1792,1408,256
1,sih1733,train,data/processed/patches/sar/1_r1408_c1792_rot270.png,data/processed/patches/rgb/1_r1408_c1792_rot270.png,1792,1408,256
1,sih1733,train,data/processed/patches/sar/1_r1408_c1920_orig.png,data/processed/patches/rgb/1_r1408_c1920_orig.png,1920,1408,256
1,sih1733,train,data/processed/patches/sar/1_r1408_c1920_fliph.png,data/processed/patches/rgb/1_r1408_c1920_fliph.png,1920,1408,256
1,sih1733,train,data/processed/patches/sar/1_r1408_c1920_flipv.png,data/processed/patches/rgb/1_r1408_c1920_flipv.png,1920,1408,256
1,sih1733,train,data/processed/patches/sar/1_r1408_c1920_rot90.png,data/processed/patches/rgb/1_r1408_c1920_rot90.png,1920,1408,256
1,sih1733,train,data/processed/patches/sar/1_r1408_c1920_rot180.png,data/processed/patches/rgb/1_r1408_c1920_rot180.png,1920,1408,256
1,sih1733,train,data/processed/patches/sar/1_r1408_c1920_rot270.png,data/processed/patches/rgb/1_r1408_c1920_rot270.png,1920,1408,256
1,sih1733,train,data/processed/patches/sar/1_r1408_c2048_orig.png,data/processed/patches/rgb/1_r1408_c2048_orig.png,2048,1408,256
1,sih1733,train,data/processed/patches/sar/1_r1408_c2048_fliph.png,data/processed/patches/rgb/1_r1408_c2048_fliph.png,2048,1408,256
1,sih1733,train,data/processed/patches/sar/1_r1408_c2048_flipv.png,data/processed/patches/rgb/1_r1408_c2048_flipv.png,2048,1408,256
1,sih1733,train,data/processed/patches/sar/1_r1408_c2048_rot90.png,data/processed/patches/rgb/1_r1408_c2048_rot90.png,2048,1408,256
1,sih1733,train,data/processed/patches/sar/1_r1408_c2048_rot180.png,data/processed/patches/rgb/1_r1408_c2048_rot180.png,2048,1408,256
1,sih1733,train,data/processed/patches/sar/1_r1408_c2048_rot270.png,data/processed/patches/rgb/1_r1408_c2048_rot270.png,2048,1408,256
1,sih1733,train,data/processed/patches/sar/1_r1408_c2176_orig.png,data/processed/patches/rgb/1_r1408_c2176_orig.png,2176,1408,256
1,sih1733,train,data/processed/patches/sar/1_r1408_c2176_fliph.png,data/processed/patches/rgb/1_r1408_c2176_fliph.png,2176,1408,256
1,sih1733,train,data/processed/patches/sar/1_r1408_c2176_flipv.png,data/processed/patches/rgb/1_r1408_c2176_flipv.png,2176,1408,256
1,sih1733,train,data/processed/patches/sar/1_r1408_c2176_rot90.png,data/processed/patches/rgb/1_r1408_c2176_rot90.png,2176,1408,256
1,sih1733,train,data/processed/patches/sar/1_r1408_c2176_rot180.png,data/processed/patches/rgb/1_r1408_c2176_rot180.png,2176,1408,256
1,sih1733,train,data/processed/patches/sar/1_r1408_c2176_rot270.png,data/processed/patches/rgb/1_r1408_c2176_rot270.png,2176,1408,256
2,sih1733,val,data/processed/patches/sar/2_r0000_c0000_orig.png,data/processed/patches/rgb/2_r0000_c0000_orig.png,0,0,256
2,sih1733,val,data/processed/patches/sar/2_r0000_c0256_orig.png,data/processed/patches/rgb/2_r0000_c0256_orig.png,256,0,256
2,sih1733,val,data/processed/patches/sar/2_r0000_c0512_orig.png,data/processed/patches/rgb/2_r0000_c0512_orig.png,512,0,256
2,sih1733,val,data/processed/patches/sar/2_r0000_c0768_orig.png,data/processed/patches/rgb/2_r0000_c0768_orig.png,768,0,256
2,sih1733,val,data/processed/patches/sar/2_r0000_c1024_orig.png,data/processed/patches/rgb/2_r0000_c1024_orig.png,1024,0,256
2,sih1733,val,data/processed/patches/sar/2_r0000_c1280_orig.png,data/processed/patches/rgb/2_r0000_c1280_orig.png,1280,0,256
2,sih1733,val,data/processed/patches/sar/2_r0000_c1536_orig.png,data/processed/patches/rgb/2_r0000_c1536_orig.png,1536,0,256
2,sih1733,val,data/processed/patches/sar/2_r0000_c1792_orig.png,data/processed/patches/rgb/2_r0000_c1792_orig.png,1792,0,256
2,sih1733,val,data/processed/patches/sar/2_r0000_c2048_orig.png,data/processed/patches/rgb/2_r0000_c2048_orig.png,2048,0,256
2,sih1733,val,data/processed/patches/sar/2_r0256_c0000_orig.png,data/processed/patches/rgb/2_r0256_c0000_orig.png,0,256,256
2,sih1733,val,data/processed/patches/sar/2_r0256_c0256_orig.png,data/processed/patches/rgb/2_r0256_c0256_orig.png,256,256,256
2,sih1733,val,data/processed/patches/sar/2_r0256_c0512_orig.png,data/processed/patches/rgb/2_r0256_c0512_orig.png,512,256,256
2,sih1733,val,data/processed/patches/sar/2_r0256_c0768_orig.png,data/processed/patches/rgb/2_r0256_c0768_orig.png,768,256,256
2,sih1733,val,data/processed/patches/sar/2_r0256_c1024_orig.png,data/processed/patches/rgb/2_r0256_c1024_orig.png,1024,256,256
2,sih1733,val,data/processed/patches/sar/2_r0256_c1280_orig.png,data/processed/patches/rgb/2_r0256_c1280_orig.png,1280,256,256
2,sih1733,val,data/processed/patches/sar/2_r0256_c1536_orig.png,data/processed/patches/rgb/2_r0256_c1536_orig.png,1536,256,256
2,sih1733,val,data/processed/patches/sar/2_r0256_c1792_orig.png,data/processed/patches/rgb/2_r0256_c1792_orig.png,1792,256,256
2,sih1733,val,data/processed/patches/sar/2_r0256_c2048_orig.png,data/processed/patches/rgb/2_r0256_c2048_orig.png,2048,256,256
2,sih1733,val,data/processed/patches/sar/2_r0512_c0000_orig.png,data/processed/patches/rgb/2_r0512_c0000_orig.png,0,512,256
2,sih1733,val,data/processed/patches/sar/2_r0512_c0256_orig.png,data/processed/patches/rgb/2_r0512_c0256_orig.png,256,512,256
2,sih1733,val,data/processed/patches/sar/2_r0512_c0512_orig.png,data/processed/patches/rgb/2_r0512_c0512_orig.png,512,512,256
2,sih1733,val,data/processed/patches/sar/2_r0512_c0768_orig.png,data/processed/patches/rgb/2_r0512_c0768_orig.png,768,512,256
2,sih1733,val,data/processed/patches/sar/2_r0512_c1024_orig.png,data/processed/patches/rgb/2_r0512_c1024_orig.png,1024,512,256
2,sih1733,val,data/processed/patches/sar/2_r0512_c1280_orig.png,data/processed/patches/rgb/2_r0512_c1280_orig.png,1280,512,256
2,sih1733,val,data/processed/patches/sar/2_r0512_c1536_orig.png,data/processed/patches/rgb/2_r0512_c1536_orig.png,1536,512,256
2,sih1733,val,data/processed/patches/sar/2_r0512_c1792_orig.png,data/processed/patches/rgb/2_r0512_c1792_orig.png,1792,512,256
2,sih1733,val,data/processed/patches/sar/2_r0512_c2048_orig.png,data/processed/patches/rgb/2_r0512_c2048_orig.png,2048,512,256
2,sih1733,val,data/processed/patches/sar/2_r0768_c0000_orig.png,data/processed/patches/rgb/2_r0768_c0000_orig.png,0,768,256
2,sih1733,val,data/processed/patches/sar/2_r0768_c0256_orig.png,data/processed/patches/rgb/2_r0768_c0256_orig.png,256,768,256
2,sih1733,val,data/processed/patches/sar/2_r0768_c0512_orig.png,data/processed/patches/rgb/2_r0768_c0512_orig.png,512,768,256
2,sih1733,val,data/processed/patches/sar/2_r0768_c0768_orig.png,data/processed/patches/rgb/2_r0768_c0768_orig.png,768,768,256
2,sih1733,val,data/processed/patches/sar/2_r0768_c1024_orig.png,data/processed/patches/rgb/2_r0768_c1024_orig.png,1024,768,256
2,sih1733,val,data/processed/patches/sar/2_r0768_c1280_orig.png,data/processed/patches/rgb/2_r0768_c1280_orig.png,1280,768,256
2,sih1733,val,data/processed/patches/sar/2_r0768_c1536_orig.png,data/processed/patches/rgb/2_r0768_c1536_orig.png,1536,768,256
2,sih1733,val,data/processed/patches/sar/2_r0768_c1792_orig.png,data/processed/patches/rgb/2_r0768_c1792_orig.png,1792,768,256
2,sih1733,val,data/processed/patches/sar/2_r0768_c2048_orig.png,data/processed/patches/rgb/2_r0768_c2048_orig.png,2048,768,256
2,sih1733,val,data/processed/patches/sar/2_r1024_c0000_orig.png,data/processed/patches/rgb/2_r1024_c0000_orig.png,0,1024,256
2,sih1733,val,data/processed/patches/sar/2_r1024_c0256_orig.png,data/processed/patches/rgb/2_r1024_c0256_orig.png,256,1024,256
2,sih1733,val,data/processed/patches/sar/2_r1024_c0512_orig.png,data/processed/patches/rgb/2_r1024_c0512_orig.png,512,1024,256
2,sih1733,val,data/processed/patches/sar/2_r1024_c0768_orig.png,data/processed/patches/rgb/2_r1024_c0768_orig.png,768,1024,256
2,sih1733,val,data/processed/patches/sar/2_r1024_c1024_orig.png,data/processed/patches/rgb/2_r1024_c1024_orig.png,1024,1024,256
2,sih1733,val,data/processed/patches/sar/2_r1024_c1280_orig.png,data/processed/patches/rgb/2_r1024_c1280_orig.png,1280,1024,256
2,sih1733,val,data/processed/patches/sar/2_r1024_c1536_orig.png,data/processed/patches/rgb/2_r1024_c1536_orig.png,1536,1024,256
2,sih1733,val,data/processed/patches/sar/2_r1024_c1792_orig.png,data/processed/patches/rgb/2_r1024_c1792_orig.png,1792,1024,256
2,sih1733,val,data/processed/patches/sar/2_r1024_c2048_orig.png,data/processed/patches/rgb/2_r1024_c2048_orig.png,2048,1024,256
2,sih1733,val,data/processed/patches/sar/2_r1280_c0000_orig.png,data/processed/patches/rgb/2_r1280_c0000_orig.png,0,1280,256
2,sih1733,val,data/processed/patches/sar/2_r1280_c0256_orig.png,data/processed/patches/rgb/2_r1280_c0256_orig.png,256,1280,256
2,sih1733,val,data/processed/patches/sar/2_r1280_c0512_orig.png,data/processed/patches/rgb/2_r1280_c0512_orig.png,512,1280,256
2,sih1733,val,data/processed/patches/sar/2_r1280_c0768_orig.png,data/processed/patches/rgb/2_r1280_c0768_orig.png,768,1280,256
2,sih1733,val,data/processed/patches/sar/2_r1280_c1024_orig.png,data/processed/patches/rgb/2_r1280_c1024_orig.png,1024,1280,256
2,sih1733,val,data/processed/patches/sar/2_r1280_c1280_orig.png,data/processed/patches/rgb/2_r1280_c1280_orig.png,1280,1280,256
2,sih1733,val,data/processed/patches/sar/2_r1280_c1536_orig.png,data/processed/patches/rgb/2_r1280_c1536_orig.png,1536,1280,256
2,sih1733,val,data/processed/patches/sar/2_r1280_c1792_orig.png,data/processed/patches/rgb/2_r1280_c1792_orig.png,1792,1280,256
2,sih1733,val,data/processed/patches/sar/2_r1280_c2048_orig.png,data/processed/patches/rgb/2_r1280_c2048_orig.png,2048,1280,256
3,sih1733,test,data/processed/patches/sar/3_r0000_c0000_orig.png,data/processed/patches/rgb/3_r0000_c0000_orig.png,0,0,256
3,sih1733,test,data/processed/patches/sar/3_r0000_c0256_orig.png,data/processed/patches/rgb/3_r0000_c0256_orig.png,256,0,256
3,sih1733,test,data/processed/patches/sar/3_r0000_c0512_orig.png,data/processed/patches/rgb/3_r0000_c0512_orig.png,512,0,256
3,sih1733,test,data/processed/patches/sar/3_r0000_c0768_orig.png,data/processed/patches/rgb/3_r0000_c0768_orig.png,768,0,256
3,sih1733,test,data/processed/patches/sar/3_r0000_c1024_orig.png,data/processed/patches/rgb/3_r0000_c1024_orig.png,1024,0,256
3,sih1733,test,data/processed/patches/sar/3_r0000_c1280_orig.png,data/processed/patches/rgb/3_r0000_c1280_orig.png,1280,0,256
3,sih1733,test,data/processed/patches/sar/3_r0000_c1536_orig.png,data/processed/patches/rgb/3_r0000_c1536_orig.png,1536,0,256
3,sih1733,test,data/processed/patches/sar/3_r0000_c1792_orig.png,data/processed/patches/rgb/3_r0000_c1792_orig.png,1792,0,256
3,sih1733,test,data/processed/patches/sar/3_r0000_c2048_orig.png,data/processed/patches/rgb/3_r0000_c2048_orig.png,2048,0,256
3,sih1733,test,data/processed/patches/sar/3_r0256_c0000_orig.png,data/processed/patches/rgb/3_r0256_c0000_orig.png,0,256,256
3,sih1733,test,data/processed/patches/sar/3_r0256_c0256_orig.png,data/processed/patches/rgb/3_r0256_c0256_orig.png,256,256,256
3,sih1733,test,data/processed/patches/sar/3_r0256_c0512_orig.png,data/processed/patches/rgb/3_r0256_c0512_orig.png,512,256,256
3,sih1733,test,data/processed/patches/sar/3_r0256_c0768_orig.png,data/processed/patches/rgb/3_r0256_c0768_orig.png,768,256,256
3,sih1733,test,data/processed/patches/sar/3_r0256_c1024_orig.png,data/processed/patches/rgb/3_r0256_c1024_orig.png,1024,256,256
3,sih1733,test,data/processed/patches/sar/3_r0256_c1280_orig.png,data/processed/patches/rgb/3_r0256_c1280_orig.png,1280,256,256
3,sih1733,test,data/processed/patches/sar/3_r0256_c1536_orig.png,data/processed/patches/rgb/3_r0256_c1536_orig.png,1536,256,256
3,sih1733,test,data/processed/patches/sar/3_r0256_c1792_orig.png,data/processed/patches/rgb/3_r0256_c1792_orig.png,1792,256,256
3,sih1733,test,data/processed/patches/sar/3_r0256_c2048_orig.png,data/processed/patches/rgb/3_r0256_c2048_orig.png,2048,256,256
3,sih1733,test,data/processed/patches/sar/3_r0512_c0000_orig.png,data/processed/patches/rgb/3_r0512_c0000_orig.png,0,512,256
3,sih1733,test,data/processed/patches/sar/3_r0512_c0256_orig.png,data/processed/patches/rgb/3_r0512_c0256_orig.png,256,512,256
3,sih1733,test,data/processed/patches/sar/3_r0512_c0512_orig.png,data/processed/patches/rgb/3_r0512_c0512_orig.png,512,512,256
3,sih1733,test,data/processed/patches/sar/3_r0512_c0768_orig.png,data/processed/patches/rgb/3_r0512_c0768_orig.png,768,512,256
3,sih1733,test,data/processed/patches/sar/3_r0512_c1024_orig.png,data/processed/patches/rgb/3_r0512_c1024_orig.png,1024,512,256
3,sih1733,test,data/processed/patches/sar/3_r0512_c1280_orig.png,data/processed/patches/rgb/3_r0512_c1280_orig.png,1280,512,256
3,sih1733,test,data/processed/patches/sar/3_r0512_c1536_orig.png,data/processed/patches/rgb/3_r0512_c1536_orig.png,1536,512,256
3,sih1733,test,data/processed/patches/sar/3_r0512_c1792_orig.png,data/processed/patches/rgb/3_r0512_c1792_orig.png,1792,512,256
3,sih1733,test,data/processed/patches/sar/3_r0512_c2048_orig.png,data/processed/patches/rgb/3_r0512_c2048_orig.png,2048,512,256
3,sih1733,test,data/processed/patches/sar/3_r0768_c0000_orig.png,data/processed/patches/rgb/3_r0768_c0000_orig.png,0,768,256
3,sih1733,test,data/processed/patches/sar/3_r0768_c0256_orig.png,data/processed/patches/rgb/3_r0768_c0256_orig.png,256,768,256
3,sih1733,test,data/processed/patches/sar/3_r0768_c0512_orig.png,data/processed/patches/rgb/3_r0768_c0512_orig.png,512,768,256
3,sih1733,test,data/processed/patches/sar/3_r0768_c0768_orig.png,data/processed/patches/rgb/3_r0768_c0768_orig.png,768,768,256
3,sih1733,test,data/processed/patches/sar/3_r0768_c1024_orig.png,data/processed/patches/rgb/3_r0768_c1024_orig.png,1024,768,256
3,sih1733,test,data/processed/patches/sar/3_r0768_c1280_orig.png,data/processed/patches/rgb/3_r0768_c1280_orig.png,1280,768,256
3,sih1733,test,data/processed/patches/sar/3_r0768_c1536_orig.png,data/processed/patches/rgb/3_r0768_c1536_orig.png,1536,768,256
3,sih1733,test,data/processed/patches/sar/3_r0768_c1792_orig.png,data/processed/patches/rgb/3_r0768_c1792_orig.png,1792,768,256
3,sih1733,test,data/processed/patches/sar/3_r0768_c2048_orig.png,data/processed/patches/rgb/3_r0768_c2048_orig.png,2048,768,256
3,sih1733,test,data/processed/patches/sar/3_r1024_c0000_orig.png,data/processed/patches/rgb/3_r1024_c0000_orig.png,0,1024,256
3,sih1733,test,data/processed/patches/sar/3_r1024_c0256_orig.png,data/processed/patches/rgb/3_r1024_c0256_orig.png,256,1024,256
3,sih1733,test,data/processed/patches/sar/3_r1024_c0512_orig.png,data/processed/patches/rgb/3_r1024_c0512_orig.png,512,1024,256
3,sih1733,test,data/processed/patches/sar/3_r1024_c0768_orig.png,data/processed/patches/rgb/3_r1024_c0768_orig.png,768,1024,256
3,sih1733,test,data/processed/patches/sar/3_r1024_c1024_orig.png,data/processed/patches/rgb/3_r1024_c1024_orig.png,1024,1024,256
3,sih1733,test,data/processed/patches/sar/3_r1024_c1280_orig.png,data/processed/patches/rgb/3_r1024_c1280_orig.png,1280,1024,256
3,sih1733,test,data/processed/patches/sar/3_r1024_c1536_orig.png,data/processed/patches/rgb/3_r1024_c1536_orig.png,1536,1024,256
3,sih1733,test,data/processed/patches/sar/3_r1024_c1792_orig.png,data/processed/patches/rgb/3_r1024_c1792_orig.png,1792,1024,256
3,sih1733,test,data/processed/patches/sar/3_r1024_c2048_orig.png,data/processed/patches/rgb/3_r1024_c2048_orig.png,2048,1024,256
3,sih1733,test,data/processed/patches/sar/3_r1280_c0000_orig.png,data/processed/patches/rgb/3_r1280_c0000_orig.png,0,1280,256
3,sih1733,test,data/processed/patches/sar/3_r1280_c0256_orig.png,data/processed/patches/rgb/3_r1280_c0256_orig.png,256,1280,256
3,sih1733,test,data/processed/patches/sar/3_r1280_c0512_orig.png,data/processed/patches/rgb/3_r1280_c0512_orig.png,512,1280,256
3,sih1733,test,data/processed/patches/sar/3_r1280_c0768_orig.png,data/processed/patches/rgb/3_r1280_c0768_orig.png,768,1280,256
3,sih1733,test,data/processed/patches/sar/3_r1280_c1024_orig.png,data/processed/patches/rgb/3_r1280_c1024_orig.png,1024,1280,256
3,sih1733,test,data/processed/patches/sar/3_r1280_c1280_orig.png,data/processed/patches/rgb/3_r1280_c1280_orig.png,1280,1280,256
3,sih1733,test,data/processed/patches/sar/3_r1280_c1536_orig.png,data/processed/patches/rgb/3_r1280_c1536_orig.png,1536,1280,256
3,sih1733,test,data/processed/patches/sar/3_r1280_c1792_orig.png,data/processed/patches/rgb/3_r1280_c1792_orig.png,1792,1280,256
3,sih1733,test,data/processed/patches/sar/3_r1280_c2048_orig.png,data/processed/patches/rgb/3_r1280_c2048_orig.png,2048,1280,256
